frame,time_s,success,ANG_deg,PEN_deg,FL_px,FL_mm,fascicle_angle_deg,pennation_angle_deg,fascicle_length_px,final_fascicle_length_px,super_apo_angle_deg,deep_apo_angle_deg,muscle_thickness_px,selected_line_angle_deg,selected_line_length_px,dohough_mask_density,dohough_n_peaks,n_fascicle_candidates,error
0,0.0,True,12.0,11.499999824627537,2290.9047216824006,nan,12.0,11.499999824627537,2290.9047216824006,2290.9047216824006,0.500000175372463,-7.0439787030562115,456.7329354371306,11.84207534790039,1783.819580078125,0.14047831518829199,10,114,
1,0.09090909090909091,True,12.0,11.500000813538891,2300.5568851980925,nan,12.0,11.500000813538891,2300.5568851980925,2300.5568851980925,0.49999918646110947,-6.817770031423265,458.65730622088745,11.138559341430664,1885.5264892578125,0.1416384079957166,10,112,
2,0.18181818181818182,True,12.0,11.499999824627537,2309.082589076446,nan,12.0,11.499999824627537,2309.082589076446,2309.082589076446,0.500000175372463,-6.654440908521934,460.35701925706877,11.780523300170898,1820.7686767578125,0.13935391754417276,10,95,
3,0.2727272727272727,True,12.0,11.499999824627537,2393.599204326843,nan,12.0,11.499999824627537,2393.599204326843,2393.599204326843,0.500000175372463,0.12931049197399105,477.20692200997604,13.856350898742676,2037.5364990234375,0.1417633410672854,10,89,
4,0.36363636363636365,True,12.0,11.500000813538891,2275.0445216498756,nan,12.0,11.500000813538891,2275.0445216498756,2275.0445216498756,0.49999918646110947,-8.044819448282908,453.5709586432028,12.01147747039795,1993.440185546875,0.14412814563626627,10,96,
5,0.45454545454545453,True,12.0,11.500000813538891,2393.8019758137234,nan,12.0,11.500000813538891,2393.8019758137234,2393.8019758137234,0.49999918646110947,0.10528943005685137,477.2473886288716,-32.868682861328125,876.11572265625,0.1446457255041942,10,97,
6,0.5454545454545454,True,12.0,11.499999824627537,2380.6713792667415,nan,12.0,11.499999824627537,2380.6713792667415,2380.6713792667415,0.500000175372463,-0.2588045647441959,474.62952827001214,14.91031265258789,1881.5203857421875,0.1422452257719079,10,128,
7,0.6363636363636364,True,12.0,11.500000813538891,2379.5134846076476,nan,12.0,11.500000813538891,2379.5134846076476,2379.5134846076476,0.49999918646110947,-0.35379314734316836,474.39872145236956,11.082569122314453,2467.135009765625,0.14172764590398002,10,102,
8,0.7272727272727273,True,12.0,11.499999824627537,2365.893034086299,nan,12.0,11.499999824627537,2365.893034086299,2365.893034086299,0.500000175372463,-0.7175022836005667,471.6832001616089,10.864059448242188,2455.42333984375,0.14107620917365696,10,110,
9,0.8181818181818182,True,12.0,11.499999824627537,2367.7118269167886,nan,12.0,11.499999824627537,2367.7118269167886,2367.7118269167886,0.500000175372463,-0.677963269574775,472.0458091259012,10.154265403747559,2626.509033203125,0.14115652329109404,10,90,
10,0.9090909090909091,True,12.0,11.499999824627537,2313.897198911502,nan,12.0,11.499999824627537,2313.897198911502,2313.897198911502,0.500000175372463,-2.8634396972373963,461.31689806046785,-43.36341857910156,710.7034912109375,0.1410851329644833,10,114,
11,1.0,True,12.0,11.499999824627537,2315.7598072731043,nan,12.0,11.499999824627537,2315.7598072731043,2315.7598072731043,0.500000175372463,-2.7926342924364462,461.68824243656206,14.995078086853027,1759.6732177734375,0.14032661074424416,10,106,
12,1.0909090909090908,True,12.0,11.499999824627537,2323.620889926662,nan,12.0,11.499999824627537,2323.620889926662,2323.620889926662,0.500000175372463,-2.587195751299845,463.2554902239063,10.045330047607422,2379.68701171875,0.14038015348920221,10,102,
13,1.1818181818181819,True,12.0,11.499999824627537,2316.519923695299,nan,12.0,11.499999824627537,2316.519923695299,2316.519923695299,0.500000175372463,-2.784886797821372,461.83978527529166,16.733592987060547,1528.3197021484375,0.13962163126896304,10,105,
14,1.2727272727272727,True,12.0,11.499999824627537,2377.7341926294475,nan,12.0,11.499999824627537,2377.7341926294475,2377.7341926294475,0.500000175372463,-0.37709787207415957,474.0439474459468,11.198026657104492,2437.4599609375,0.14004104943780118,10,110,
15,1.3636363636363635,True,12.0,11.499999824627537,2375.246627340774,nan,12.0,11.499999824627537,2375.246627340774,2375.246627340774,0.500000175372463,-0.5120037297599254,473.5480067000772,-35.134185791015625,832.3326416015625,0.14146885597001607,10,112,
16,1.4545454545454546,True,12.0,11.499999824627537,2273.420000983066,nan,12.0,11.499999824627537,2273.420000983066,2273.420000983066,0.500000175372463,-7.476492579796684,453.247042839886,13.960051536560059,1761.731201171875,0.14029091558093879,10,96,
17,1.5454545454545454,True,12.0,11.499999824627537,2376.1580559247154,nan,12.0,11.499999824627537,2376.1580559247154,2376.1580559247154,0.500000175372463,-0.4244143513282097,473.7297163314927,10.864059448242188,2502.70947265625,0.14105836159200427,10,94,
18,1.6363636363636365,True,12.0,11.499999824627537,2271.773182968597,nan,12.0,11.499999824627537,2271.773182968597,2271.773182968597,0.500000175372463,-7.5983241723862704,452.91872013891975,15.89526653289795,1578.463623046875,0.1417454934856327,10,84,
19,1.7272727272727273,True,12.0,11.499999824627537,2364.4642599173185,nan,12.0,11.499999824627537,2364.4642599173185,2364.4642599173185,0.500000175372463,-0.8206106777390971,471.39834841107603,-42.0643310546875,715.4008178710938,0.14170979832232733,10,123,
20,1.8181818181818181,True,12.0,11.500000813538891,2267.1773501059915,nan,12.0,11.500000813538891,2267.1773501059915,2267.1773501059915,0.49999918646110947,-7.659569467907403,452.00249679332995,15.847704887390137,1438.4068603515625,0.1411654470819204,10,103,
21,1.9090909090909092,True,12.0,11.499999824627537,2365.726355611592,nan,12.0,11.499999824627537,2365.726355611592,2365.726355611592,0.500000175372463,-0.8128383400465964,471.6499698188947,10.980649948120117,2418.556396484375,0.14098697126539353,10,100,
22,2.0,True,12.0,11.499999824627537,2373.984990668026,nan,12.0,11.499999824627537,2373.984990668026,2373.984990668026,0.500000175372463,-0.5197609396134624,473.2964768064306,-34.094970703125,854.1828002929688,0.1403355345350705,10,111,
23,2.090909090909091,True,12.0,11.500000813538891,2373.658483100254,nan,12.0,11.500000813538891,2373.658483100254,2373.658483100254,0.49999918646110947,-0.5596720797609009,473.2314218143651,11.949756622314453,2264.7333984375,0.14195966446546493,10,107,
24,2.1818181818181817,True,12.0,11.500000813538891,2386.414538551086,nan,12.0,11.500000813538891,2386.414538551086,2386.414538551086,0.49999918646110947,-0.11649604840016536,475.774570418395,10.81075668334961,2567.04931640625,0.14382473674817062,10,119,
25,2.272727272727273,True,12.0,11.499999824627537,2381.690245014366,nan,12.0,11.499999824627537,2381.690245014366,2381.690245014366,0.500000175372463,-0.24327310703961302,474.83265742650855,-47.5447998046875,647.048828125,0.14144208459753704,10,100,
26,2.3636363636363638,True,12.0,11.499999824627537,2378.796759196787,nan,12.0,11.499999824627537,2378.796759196787,2378.796759196787,0.500000175372463,-0.3301426309557485,474.25578914447107,14.845451354980469,1886.111083984375,0.14383366053899696,10,80,
27,2.4545454545454546,True,12.0,11.499999824627537,2283.6667334791537,nan,12.0,11.499999824627537,2283.6667334791537,2283.6667334791537,0.500000175372463,-7.295017958352759,455.28991270142274,13.86689567565918,1683.805419921875,0.12132786007495984,10,102,
28,2.5454545454545454,True,12.0,11.500000813538891,2277.2920829716372,nan,12.0,11.500000813538891,2277.2920829716372,2277.2920829716372,0.49999918646110947,-4.544322577902392,454.01905033267064,46.0809211730957,653.4794921875,0.12006068177761914,10,54,
29,2.6363636363636362,True,11.0,10.499999824627537,2502.9649246072963,nan,11.0,10.499999824627537,2502.9649246072963,2502.9649246072963,0.500000175372463,-4.864094649764155,456.12912079136805,65.09523010253906,540.5100708007812,0.12168481170801357,10,41,
30,2.727272727272727,True,12.0,11.499999824627537,2262.3197282529536,nan,12.0,11.499999824627537,2262.3197282529536,2262.3197282529536,0.500000175372463,-6.645018394016915,451.03400442750984,16.831666946411133,1379.0406494140625,0.11709798322327325,10,70,
31,2.8181818181818183,True,12.0,11.500000813538891,2141.187475460839,nan,12.0,11.500000813538891,2141.187475460839,2141.187475460839,0.49999918646110947,-19.4059720543124,426.88415397483567,29.248825073242188,849.6741333007812,0.10284668927360342,10,76,
32,2.909090909090909,True,14.0,13.499999824627537,1945.3728121645875,nan,14.0,13.499999824627537,1945.3728121645875,1945.3728121645875,0.500000175372463,-9.21483175314765,454.1382581812205,10.57352352142334,1950.9097900390625,0.0880956630376584,10,25,
33,3.0,True,14.0,13.500000813538891,1854.5260505409228,nan,14.0,13.500000813538891,1854.5260505409228,1854.5260505409228,0.49999918646110947,-11.223051799606651,432.93053425350735,14.582941055297852,1372.950927734375,0.09457433517758344,10,42,
34,3.090909090909091,True,13.0,12.500000813538891,2021.043630499482,nan,13.0,12.500000813538891,2021.043630499482,2021.043630499482,0.49999918646110947,-10.216049211391265,437.4339311538058,10.149151802062988,1972.8603515625,0.09562734249509192,10,65,
35,3.1818181818181817,True,12.0,11.499999824627537,2171.104425301215,nan,12.0,11.499999824627537,2171.104425301215,2171.104425301215,0.500000175372463,-11.194237235624655,432.8485981643723,35.53767776489258,738.2947998046875,0.10869177226485811,10,35,
36,3.272727272727273,True,13.0,12.499999824627537,2024.2347020537545,nan,13.0,12.499999824627537,2024.2347020537545,2024.2347020537545,0.500000175372463,-10.349497242743553,438.12457138365926,-40.76361083984375,853.8645629882812,0.12238979118329467,10,42,
37,3.3636363636363638,True,14.0,13.500000813538891,2042.7419508791722,nan,14.0,13.500000813538891,2042.7419508791722,2042.7419508791722,0.49999918646110947,-6.027899231264314,476.8686661900612,10.669781684875488,2008.969482421875,0.11524183473139389,10,36,
38,3.4545454545454546,True,13.0,12.499999824627537,1981.9954812907938,nan,13.0,12.499999824627537,1981.9954812907938,1981.9954812907938,0.500000175372463,-10.608588067061305,428.9823308749001,10.784297943115234,1848.683837890625,0.10680885240049973,10,35,
39,3.5454545454545454,True,12.0,11.499999824627537,2219.7200451405715,nan,12.0,11.499999824627537,2219.7200451405715,2219.7200451405715,0.500000175372463,-8.314674682985725,442.54099372633976,32.82854080200195,820.841796875,0.10798679278957701,10,61,
40,3.6363636363636362,True,11.0,10.499999824627537,2430.66043115338,nan,11.0,10.499999824627537,2430.66043115338,2430.66043115338,0.500000175372463,-7.988330901528599,442.95267364895574,39.09385681152344,721.8748779296875,0.11440299839371765,10,46,
41,3.727272727272727,True,11.0,10.499999824627537,2412.7288552061564,nan,11.0,10.499999824627537,2412.7288552061564,2412.7288552061564,0.500000175372463,-8.770516271817968,439.6849035372774,10.007979393005371,1723.25927734375,0.12243441013742638,10,36,
42,3.8181818181818183,True,11.0,10.499999824627537,2519.735620798652,nan,11.0,10.499999824627537,2519.735620798652,2519.735620798652,0.500000175372463,-6.542164303140339,459.1853373741962,11.04734992980957,1854.3497314453125,0.13017133678386578,10,53,
43,3.909090909090909,True,10.0,9.499999824627537,2703.5696489287825,nan,10.0,9.499999824627537,2703.5696489287825,2703.5696489287825,0.500000175372463,-6.927613794919353,446.2176896716185,11.802433967590332,1706.081787109375,0.12087274674281635,10,64,
44,4.0,True,11.0,10.499999824627537,2507.42579407522,nan,11.0,10.499999824627537,2507.42579407522,2507.42579407522,0.500000175372463,-6.433750808565691,456.94204966958165,10.149151802062988,1959.9111328125,0.12611993574870606,10,79,
45,4.090909090909091,True,11.0,10.499999824627537,2515.7818172718676,nan,11.0,10.499999824627537,2515.7818172718676,2515.7818172718676,0.500000175372463,-5.521793236786465,458.46481392269925,30.69972038269043,900.00537109375,0.1231840085668392,10,54,
46,4.181818181818182,True,11.0,10.499999824627537,2486.7501983171446,nan,11.0,10.499999824627537,2486.7501983171446,2486.7501983171446,0.500000175372463,-5.982529566949125,453.1742216739703,13.78785228729248,1572.3023681640625,0.1408977333571301,10,112,
47,4.2727272727272725,True,12.0,11.499999824627537,2278.0463227923033,nan,12.0,11.499999824627537,2278.0463227923033,2278.0463227923033,0.500000175372463,-5.864060787821359,454.16938304906677,30.14138412475586,907.8696899414062,0.13446368017133678,10,126,
48,4.363636363636363,True,12.0,11.500000813538891,2277.058644067139,nan,12.0,11.500000813538891,2277.058644067139,2277.058644067139,0.49999918646110947,-5.729456803319181,453.9725100972202,31.328689575195312,876.12060546875,0.13225950383723006,10,79,
49,4.454545454545454,True,12.0,11.499999824627537,2215.7140978723805,nan,12.0,11.499999824627537,2215.7140978723805,2215.7140978723805,0.500000175372463,-7.176113306686318,441.74233630611167,31.476837158203125,848.8934326171875,0.1345529180796002,10,76,
50,4.545454545454546,True,13.0,12.499999824627537,2023.083037126513,nan,13.0,12.499999824627537,2023.083037126513,2023.083037126513,0.500000175372463,-7.5415253663858834,437.87530547486256,33.690067291259766,828.9391479492188,0.1295288238443691,10,68,
51,4.636363636363637,True,14.0,13.500000813538891,1896.1478564156441,nan,14.0,13.500000813538891,1896.1478564156441,1896.1478564156441,0.49999918646110947,-6.893616946162837,442.64695244492776,31.944751739501953,836.5704956054688,0.13150990540781723,10,65,
52,4.7272727272727275,True,13.0,12.499999824627537,2038.4228007740596,nan,13.0,12.499999824627537,2038.4228007740596,2038.4228007740596,0.500000175372463,-6.901270822928865,441.1954379507999,30.808902740478516,858.2881469726562,0.12694984829555594,10,82,
53,4.818181818181818,True,17.0,16.499999824627537,1528.4673974352534,nan,17.0,16.499999824627537,1528.4673974352534,1528.4673974352534,0.500000175372463,-7.743767778331801,434.10819026556345,26.56505012512207,974.0164794921875,0.1339461003034089,10,119,
54,4.909090909090909,True,14.0,13.499999824627537,1849.0022524541284,nan,14.0,13.499999824627537,1849.0022524541284,1849.0022524541284,0.500000175372463,-7.945816227360581,431.64099809143863,29.797590255737305,860.9471435546875,0.12790469391397466,10,97,
55,5.0,True,14.0,13.499999824627537,1855.7907544010409,nan,14.0,13.499999824627537,1855.7907544010409,1855.7907544010409,0.500000175372463,-7.844642977239516,433.2257423782678,27.181110382080078,956.0068969726562,0.1121542031054792,10,104,
56,5.090909090909091,True,21.0,20.50000081353889,1250.6593478611098,nan,21.0,20.50000081353889,1250.6593478611098,1250.6593478611098,0.49999918646110947,-7.19869014267681,437.9901516955629,27.474430084228516,955.551513671875,0.12821702659289666,10,96,
57,5.181818181818182,True,20.0,19.50000081353889,1326.5768988842524,nan,20.0,19.50000081353889,1326.5768988842524,1326.5768988842524,0.49999918646110947,-6.659968932697836,442.8204859042,27.255327224731445,971.1968383789062,0.1285561306442977,10,112,
58,5.2727272727272725,True,13.0,12.499999824627537,2071.9804390999284,nan,13.0,12.499999824627537,2071.9804390999284,2071.9804390999284,0.500000175372463,-5.940190476120364,448.45864013444606,34.99201583862305,784.2171020507812,0.12876137783330358,10,99,
59,5.363636363636363,True,22.0,21.499999824627537,1227.5034104295005,nan,22.0,21.499999824627537,1227.5034104295005,1227.5034104295005,0.500000175372463,-5.86227879616041,449.8815022349284,34.875328063964844,809.7727661132812,0.13938961270747813,10,135,
60,5.454545454545454,True,24.0,23.50000081353889,1124.8690561755884,nan,24.0,23.50000081353889,1124.8690561755884,1124.8690561755884,0.49999918646110947,-5.877998115308998,448.5405034600643,30.46554183959961,886.1400756835938,0.14928609673389256,10,147,
61,5.545454545454546,True,24.0,23.50000081353889,1137.8884891440484,nan,24.0,23.50000081353889,1137.8884891440484,1137.8884891440484,0.49999918646110947,-5.4468113666679585,453.731990403702,28.072484970092773,965.0742797851562,0.13705157951097627,10,128,
62,5.636363636363637,True,24.0,23.50000081353889,1143.5597205609783,nan,24.0,23.50000081353889,1143.5597205609783,1143.5597205609783,0.49999918646110947,-5.3368897098483785,455.993388724709,32.660911560058594,858.3323364257812,0.13004640371229698,10,126,
63,5.7272727272727275,True,24.0,23.50000081353889,1148.7583493011864,nan,24.0,23.50000081353889,1148.7583493011864,1148.7583493011864,0.49999918646110947,-5.4230056956373005,458.0663371622478,28.886579513549805,949.1599731445312,0.13006425129394966,10,128,
64,5.818181818181818,True,23.0,22.50000081353889,1213.5660290403887,nan,23.0,22.50000081353889,1213.5660290403887,1213.5660290403887,0.49999918646110947,-4.818685349368849,464.4116293145321,30.827661514282227,911.8329467773438,0.1294663573085847,10,122,
65,5.909090909090909,True,24.0,23.50000081353889,1180.6299542437637,nan,24.0,23.50000081353889,1180.6299542437637,1180.6299542437637,0.49999918646110947,-4.158145414071868,470.7751103732627,34.854454040527344,836.3204345703125,0.12409423523112618,10,108,
66,6.0,True,24.0,23.50000081353889,1186.5109365893234,nan,24.0,23.50000081353889,1186.5109365893234,1186.5109365893234,0.49999918646110947,-4.016550370528108,473.1201466844983,34.74317932128906,840.9059448242188,0.13353560592539712,10,130,
67,6.090909090909091,True,25.0,24.50000081353889,1142.0031950230432,nan,25.0,24.50000081353889,1142.0031950230432,1142.0031950230432,0.49999918646110947,-4.323558999288991,473.5810228231187,33.690067291259766,863.3051147460938,0.14551133321434945,10,122,
68,6.181818181818182,True,25.0,24.499999824627537,1152.6563879910434,nan,25.0,24.499999824627537,1152.6563879910434,1152.6563879910434,0.500000175372463,-3.9613642504385496,477.9988119940161,37.47617721557617,799.2830810546875,0.12325539889344994,10,104,
69,6.2727272727272725,True,25.0,24.50000081353889,1153.2557171193748,nan,25.0,24.50000081353889,1153.2557171193748,1153.2557171193748,0.49999918646110947,-4.133881940988516,478.2473678446955,37.40535354614258,790.489501953125,0.13688202748527575,10,114,
70,6.363636363636363,True,25.0,24.499999824627537,1161.2986618403088,nan,25.0,24.499999824627537,1161.2986618403088,1161.2986618403088,0.500000175372463,-3.8738258302292365,481.5827045364204,37.64761734008789,800.3798217773438,0.12844904515438157,10,96,
71,6.454545454545454,True,25.0,24.499999824627537,1162.0376405636086,nan,25.0,24.499999824627537,1162.0376405636086,1162.0376405636086,0.500000175372463,-4.007742530093225,481.8891540173814,23.912317276000977,1149.532958984375,0.12991254684990183,10,107,
72,6.545454545454546,True,19.0,18.499999824627537,1532.3634356894586,nan,19.0,18.499999824627537,1532.3634356894586,1532.3634356894586,0.500000175372463,-3.5974107617167306,486.2260490012484,29.89889907836914,958.4769287109375,0.12469212921649117,10,87,
73,6.636363636363637,True,19.0,18.499999824627537,1552.125439015311,nan,19.0,18.499999824627537,1552.125439015311,1552.125439015311,0.500000175372463,-2.9113601143557446,492.496624619072,26.922029495239258,1067.9588623046875,0.10668391932893093,10,62,
74,6.7272727272727275,True,27.0,26.499999824627537,1108.051282073696,nan,27.0,26.499999824627537,1108.051282073696,1108.051282073696,0.500000175372463,-2.8792933345384597,494.4100558395856,37.77568435668945,809.5140991210938,0.11520613956808852,10,86,
75,6.818181818181818,True,26.0,25.499999824627537,1115.8303263869109,nan,26.0,25.499999824627537,1115.8303263869109,1115.8303263869109,0.500000175372463,-6.21137515805637,480.3773345821301,52.59463882446289,632.2117309570312,0.11392111368909513,10,92,
76,6.909090909090909,True,28.0,27.50000081353889,1077.3755799528824,nan,28.0,27.50000081353889,1077.3755799528824,1077.3755799528824,0.49999918646110947,-2.9744058078538274,497.4766935456555,37.234832763671875,829.5614013671875,0.11441192218454399,10,70,
77,7.0,True,26.0,25.50000081353889,1162.6864330103374,nan,26.0,25.50000081353889,1162.6864330103374,1162.6864330103374,0.49999918646110947,-2.7531739437351916,500.54942642010013,35.362457275390625,869.6702270507812,0.12846689273603426,10,71,
78,7.090909090909091,True,26.0,25.50000081353889,1173.0716864909516,nan,26.0,25.50000081353889,1173.0716864909516,1173.0716864909516,0.49999918646110947,-2.396850297082608,505.0203934197664,40.03025817871094,794.6181030273438,0.1183740853114403,10,90,
79,7.181818181818182,True,26.0,25.499999824627537,1176.9874079687877,nan,26.0,25.499999824627537,1176.9874079687877,1176.9874079687877,0.500000175372463,-2.4440766693923024,506.70613668258227,-49.96974182128906,694.193359375,0.11342138140281992,10,89,
80,7.2727272727272725,True,26.0,25.499999824627537,1179.9772814360294,nan,26.0,25.499999824627537,1179.9772814360294,1179.9772814360294,0.500000175372463,-2.4610243923792154,507.9933103800225,40.81507873535156,785.5127563476562,0.12026592896662502,10,76,
81,7.363636363636363,True,20.0,19.499999824627537,1494.4058729722785,nan,20.0,19.499999824627537,1494.4058729722785,1494.4058729722785,0.500000175372463,-4.802065414484332,498.8429265656248,33.310630798339844,926.6757202148438,0.1227913617704801,10,77,
82,7.454545454545454,True,20.0,19.499999824627537,1546.085777584817,nan,20.0,19.499999824627537,1546.085777584817,1546.085777584817,0.500000175372463,-1.6939308259102575,516.094033060727,37.47617721557617,858.7439575195312,0.1156166339461003,10,105,
83,7.545454545454546,True,14.0,13.499999824627537,2239.613249705758,nan,14.0,13.499999824627537,2239.613249705758,2239.613249705758,0.500000175372463,-0.8460654735419268,522.827323308405,34.695152282714844,931.385009765625,0.13919328930929858,10,136,
84,7.636363636363637,True,15.0,14.500000813538891,2108.7524031733797,nan,15.0,14.500000813538891,2108.7524031733797,2108.7524031733797,0.49999918646110947,-0.35487839934239673,527.9894642446719,34.875328063964844,933.7973022460938,0.1465375691593789,10,129,
85,7.7272727272727275,True,12.0,11.500000813538891,2660.1223197352315,nan,12.0,11.500000813538891,2660.1223197352315,2660.1223197352315,0.49999918646110947,-0.18114694152058064,530.3431291953307,35.13418960571289,931.8204345703125,0.12607531679457434,10,87,
86,7.818181818181818,True,14.0,13.499999824627537,2277.2851786808633,nan,14.0,13.499999824627537,2277.2851786808633,2277.2851786808633,0.500000175372463,-0.10908392444366655,531.621660363031,34.695152282714844,944.7355346679688,0.13055505978939855,10,99,
87,7.909090909090909,True,14.0,13.500000813538891,2287.7476731767915,nan,14.0,13.500000813538891,2287.7476731767915,2287.7476731767915,0.49999918646110947,0.49999408504253623,534.0641195613075,36.02737045288086,919.0701293945312,0.13883633767624487,10,107,
88,8.0,True,14.0,13.499999824627537,2284.963547427869,nan,14.0,13.499999824627537,2284.963547427869,2284.963547427869,0.500000175372463,0.49999408504253623,533.4141399261428,42.614051818847656,795.4179077148438,0.1243887203283955,10,125,
89,8.090909090909092,True,14.0,13.499999824627537,2311.886894732919,nan,14.0,13.499999824627537,2311.886894732919,2311.886894732919,0.500000175372463,0.5000021236414965,539.6992704538583,45.90937805175781,757.8545532226562,0.12525432803855077,10,60,
90,8.181818181818182,True,12.0,11.499999824627537,2708.046376524727,nan,12.0,11.499999824627537,2708.046376524727,2708.046376524727,0.500000175372463,0.5000021236414965,539.8976042712503,45.784820556640625,759.7630615234375,0.12827949312868106,10,64,
91,8.272727272727273,True,14.0,13.499999824627537,2309.676812613081,nan,14.0,13.499999824627537,2309.676812613081,2309.676812613081,0.500000175372463,0.5000021236414965,539.183337035819,42.95458984375,798.7833862304688,0.12350526503658754,10,54,
92,8.363636363636363,True,12.0,11.499999824627537,2641.939321058843,nan,12.0,11.499999824627537,2641.939321058843,2641.939321058843,0.500000175372463,-2.8728059863344413,526.7179773708941,35.53767776489258,910.55419921875,0.11808852400499732,10,51,
93,8.454545454545455,True,13.0,12.500000813538891,2494.3045604846407,nan,13.0,12.500000813538891,2494.3045604846407,2494.3045604846407,0.49999918646110947,0.5000021236414965,539.8663506922949,54.637535095214844,666.1515502929688,0.12823487417454935,10,58,
94,8.545454545454545,True,17.0,16.499999824627537,1901.8312691563747,nan,17.0,16.499999824627537,1901.8312691563747,1901.8312691563747,0.500000175372463,0.5000021236414965,540.1492578966876,47.12109375,743.1600952148438,0.1283508834552918,10,62,
95,8.636363636363637,True,17.0,16.50000081353889,1901.0389932690985,nan,17.0,16.50000081353889,1901.0389932690985,1901.0389932690985,0.49999918646110947,0.5000021236414965,539.9242708500773,41.347774505615234,825.5071411132812,0.12623594502944852,10,95,
96,8.727272727272727,True,13.0,12.500000813538891,2492.8396459186933,nan,13.0,12.500000813538891,2492.8396459186933,2492.8396459186933,0.49999918646110947,0.5000021236414965,539.5492851288817,41.347774505615234,824.9337768554688,0.12761020881670534,10,68,
97,8.818181818181818,True,13.0,12.499999824627537,2487.374771522757,nan,13.0,12.499999824627537,2487.374771522757,2487.374771522757,0.500000175372463,0.5000021236414965,538.3664278348073,10.669781684875488,3049.100830078125,0.12918971979296806,10,47,
98,8.909090909090908,True,16.0,15.499999824627537,2017.174431487004,nan,16.0,15.499999824627537,2017.174431487004,2017.174431487004,0.500000175372463,0.5000021236414965,539.0664133874999,35.39479446411133,942.3062744140625,0.13178654292343386,10,81,
99,9.0,True,16.0,15.499999824627537,2031.3833959377832,nan,16.0,15.499999824627537,2031.3833959377832,2031.3833959377832,0.500000175372463,0.5000021236414965,542.8635939311704,45.83031463623047,763.3370361328125,0.1340710333749777,10,85,
100,9.090909090909092,True,18.0,17.499999824627537,1804.2053801788652,nan,18.0,17.499999824627537,1804.2053801788652,1804.2053801788652,0.500000175372463,0.5000021236414965,542.5350160498281,41.855037689208984,821.1231689453125,0.13970194538640016,10,60,
101,9.181818181818182,True,18.0,17.499999824627537,1803.1126912946677,nan,18.0,17.499999824627537,1803.1126912946677,1803.1126912946677,0.500000175372463,0.5000021236414965,542.2064381684858,-37.99873352050781,871.0180053710938,0.14105836159200427,10,105,
102,9.272727272727273,True,17.0,16.499999824627537,1895.905897659861,nan,17.0,16.499999824627537,1895.905897659861,1895.905897659861,0.500000175372463,0.49999408504253623,538.4663614859961,45.0,768.2398071289062,0.14202213100124933,10,100,
103,9.363636363636363,True,17.0,16.499999824627537,1896.2581873677118,nan,17.0,16.499999824627537,1896.2581873677118,1896.2581873677118,0.500000175372463,0.5000021236414965,538.5664171677731,-31.26373291015625,1023.0779418945312,0.148465107977869,10,73,
104,9.454545454545455,True,13.0,12.499999824627537,2489.2227282579984,nan,13.0,12.499999824627537,2489.2227282579984,2489.2227282579984,0.500000175372463,0.5000021236414965,538.766398871635,-39.0194091796875,846.6650390625,0.14234338747099767,10,108,
105,9.545454545454545,True,13.0,12.499999824627537,2491.994540073233,nan,13.0,12.499999824627537,2491.994540073233,2491.994540073233,0.500000175372463,0.49999408504253623,539.3663287425506,41.6335334777832,819.9346313476562,0.14363733714081742,10,107,
106,9.636363636363637,True,16.0,15.499999824627537,2018.6711141383203,nan,16.0,15.499999824627537,2018.6711141383203,2018.6711141383203,0.500000175372463,0.5000021236414965,539.4663844243277,36.869895935058594,909.730224609375,0.1453150098161699,10,125,
107,9.727272727272727,True,16.0,15.500000813538891,2020.1676532161366,nan,16.0,15.500000813538891,2020.1676532161366,2020.1676532161366,0.49999918646110947,0.5000021236414965,539.8663506922949,35.13418960571289,949.908935546875,0.15220417633410674,10,117,
108,9.818181818181818,True,16.0,15.499999824627537,2020.167882433445,nan,16.0,15.499999824627537,2020.167882433445,2020.167882433445,0.500000175372463,0.5000021236414965,539.8663783484675,34.74317932128906,959.4102172851562,0.14876851686596465,10,130,
109,9.909090909090908,True,16.0,15.499999824627537,2020.5419745894492,nan,16.0,15.499999824627537,2020.5419745894492,2020.5419745894492,0.500000175372463,0.5000021236414965,539.9663501276383,33.95905685424805,979.369140625,0.1489826878457969,10,130,
110,10.0,True,16.0,15.500000813538891,2013.112059835176,nan,16.0,15.500000813538891,2013.112059835176,2013.112059835176,0.49999918646110947,0.49999408504253623,537.9808252783602,37.72499465942383,889.302978515625,0.15154381581295734,10,153,
111,10.090909090909092,True,20.0,19.50000081353889,1616.4028322416498,nan,20.0,19.50000081353889,1616.4028322416498,1616.4028322416498,0.49999918646110947,0.5000021236414965,539.566374321905,36.19320297241211,924.7940063476562,0.15253435659468143,10,71,
112,10.181818181818182,True,20.0,19.50000081353889,1612.5518367229968,nan,20.0,19.50000081353889,1612.5518367229968,1612.5518367229968,0.49999918646110947,0.5000021236414965,538.2808855513564,-38.92753601074219,847.5504150390625,0.15231126182402285,10,65,
113,10.272727272727273,True,24.0,23.50000081353889,1350.1117253274572,nan,24.0,23.50000081353889,1350.1117253274572,1350.1117253274572,0.49999918646110947,0.49999408504253623,538.3558109995557,-34.59228515625,936.44189453125,0.15260574692129217,10,104,
114,10.363636363636363,True,20.0,19.50000081353889,1612.7015816614423,nan,20.0,19.50000081353889,1612.7015816614423,1612.7015816614423,0.49999918646110947,0.5000021236414965,538.3308714409493,39.01940155029297,864.4002075195312,0.15354274495805817,10,105,
115,10.454545454545455,True,20.0,19.50000081353889,1611.5782203649708,nan,20.0,19.50000081353889,1611.5782203649708,1611.5782203649708,0.49999918646110947,0.5000021236414965,537.9558857197537,35.97238540649414,927.0137329101562,0.15530073175084777,10,96,
116,10.545454545454545,True,18.0,17.50000081353889,1789.6424577218627,nan,18.0,17.50000081353889,1789.6424577218627,1789.6424577218627,0.49999918646110947,0.5000021236414965,538.1558903109578,34.695152282714844,957.5499267578125,0.15656791004818846,10,82,
117,10.636363636363637,True,18.0,17.50000081353889,1789.8916230021755,nan,18.0,17.50000081353889,1789.8916230021755,1789.8916230021755,0.49999918646110947,0.49999408504253623,538.2308157591572,32.34743881225586,1020.0345458984375,0.15713903266107443,10,170,
118,10.727272727272727,True,18.0,17.50000081353889,1791.2219333414737,nan,18.0,17.50000081353889,1791.2219333414737,1791.2219333414737,0.49999918646110947,0.5000021236414965,538.6308478113393,-38.418060302734375,857.4080200195312,0.15550597893985366,10,130,
119,10.818181818181818,True,18.0,17.50000081353889,1792.053279028691,nan,18.0,17.50000081353889,1792.053279028691,1792.053279028691,0.49999918646110947,0.5000021236414965,538.8808382921363,-38.418060302734375,857.8059692382812,0.1584151347492415,10,124,
120,10.909090909090908,True,20.0,19.50000081353889,1613.4504891924232,nan,20.0,19.50000081353889,1613.4504891924232,1613.4504891924232,0.49999918646110947,0.5000021236414965,538.5808619217463,32.19573211669922,1025.071044921875,0.16087810101731215,10,124,
121,11.0,True,20.0,19.50000081353889,1612.8513265998877,nan,20.0,19.50000081353889,1612.8513265998877,1612.8513265998877,0.49999918646110947,0.5000021236414965,538.3808573305422,-33.27488708496094,968.4303588867188,0.16302873460646083,10,128,
122,11.090909090909092,True,20.0,19.50000081353889,1612.2521640073526,nan,20.0,19.50000081353889,1612.2521640073526,1612.2521640073526,0.49999918646110947,0.5000021236414965,538.1808527393382,34.695152282714844,957.5943603515625,0.15959307513831875,10,127,
123,11.181818181818182,True,20.0,19.50000081353889,1610.904025371844,nan,20.0,19.50000081353889,1610.904025371844,1610.904025371844,0.49999918646110947,0.49999408504253623,537.7308347975631,-31.827438354492188,1005.560791015625,0.16169016598250938,10,148,
124,11.272727272727273,True,20.0,19.50000081353889,1612.4768728343975,nan,20.0,19.50000081353889,1612.4768728343975,1612.4768728343975,0.49999918646110947,0.5000021236414965,538.2558620901438,38.81138229370117,868.2456665039062,0.15968231304658217,10,113,
125,11.363636363636363,True,25.0,24.50000081353889,1294.822729377585,nan,25.0,24.50000081353889,1294.822729377585,1294.822729377585,0.49999918646110947,0.49999408504253623,536.9542530403216,34.09497833251953,970.4251708984375,0.15392646796359094,10,79,
126,11.454545454545455,True,25.0,24.50000081353889,1295.2247217715794,nan,25.0,24.50000081353889,1295.2247217715794,1295.2247217715794,0.49999918646110947,0.5000021236414965,537.1209565749043,-42.08915710449219,793.6925659179688,0.1540424772443334,10,121,
127,11.545454545454545,True,20.0,19.50000081353889,1609.0769862282962,nan,20.0,19.50000081353889,1609.0769862282962,1609.0769862282962,0.49999918646110947,0.5000021236414965,537.1209565749043,35.13418960571289,945.0781860351562,0.15807603069784043,10,95,
128,11.636363636363637,True,20.0,19.50000081353889,1607.5791711663344,nan,20.0,19.50000081353889,1607.5791711663344,1607.5791711663344,0.49999918646110947,0.5000021236414965,536.6209756133103,-34.59228515625,933.4240112304688,0.1583348206318044,10,101,
129,11.727272727272727,True,20.0,19.50000081353889,1606.3308624897895,nan,20.0,19.50000081353889,1606.3308624897895,1606.3308624897895,0.49999918646110947,0.49999408504253623,536.2042815979306,32.619239807128906,1008.5035400390625,0.1439853649830448,10,128,
130,11.818181818181818,True,19.0,18.50000081353889,1711.9650742281037,nan,19.0,18.50000081353889,1711.9650742281037,1711.9650742281037,0.49999918646110947,0.49999408504253623,543.21451270739,34.99201583862305,959.2489624023438,0.1404604676066393,10,113,
131,11.909090909090908,True,17.0,16.50000081353889,1914.000757970894,nan,17.0,16.50000081353889,1914.000757970894,1914.000757970894,0.49999918646110947,0.49999408504253623,543.6056110962932,-42.95458984375,790.3779296875,0.14256648224165624,10,100,
132,12.0,True,11.0,10.500000813538891,2972.7098919883388,nan,11.0,10.500000813538891,2972.7098919883388,2972.7098919883388,0.49999918646110947,0.5000021236414965,541.7333908047074,10.823010444641113,3023.111083984375,0.12203283955024094,10,63,
133,12.090909090909092,True,12.0,11.500000813538891,2723.7925382749536,nan,12.0,11.500000813538891,2723.7925382749536,2723.7925382749536,0.49999918646110947,0.5000021236414965,543.0369300353867,-47.38594055175781,732.041748046875,0.13937176512582544,10,72,
134,12.181818181818182,True,18.0,17.50000081353889,1807.358888958638,nan,18.0,17.50000081353889,1807.358888958638,1807.358888958638,0.49999918646110947,0.5000021236414965,543.4833241702866,38.92753982543945,874.4359741210938,0.1250312332678922,10,90,
135,12.272727272727273,True,22.0,21.50000081353889,1480.3154211219742,nan,22.0,21.50000081353889,1480.3154211219742,1480.3154211219742,0.49999918646110947,0.5000021236414965,542.5374373364505,46.548152923583984,753.6043701171875,0.13979118329466358,10,103,
136,12.363636363636363,True,26.0,25.50000081353889,1259.6363595104976,nan,26.0,25.50000081353889,1259.6363595104976,1259.6363595104976,0.49999918646110947,0.5000021236414965,542.2874468556535,37.87498092651367,893.3469848632812,0.12122969837587007,10,97,
137,12.454545454545455,True,22.0,21.499999824627537,1483.0013093335028,nan,22.0,21.499999824627537,1483.0013093335028,1483.0013093335028,0.500000175372463,0.5000021236414965,543.5217948811068,-34.2156982421875,954.3760375976562,0.13144743887203283,10,109,
138,12.545454545454545,True,28.0,27.499999824627537,1175.3620464193998,nan,28.0,27.499999824627537,1175.3620464193998,1175.3620464193998,0.500000175372463,0.49999408504253623,542.7217917921572,39.986881256103516,853.4681396484375,0.1301981081563448,10,104,
139,12.636363636363637,True,20.0,19.499999824627537,1628.5520125013418,nan,20.0,19.499999824627537,1628.5520125013418,1628.5520125013418,0.500000175372463,0.5000021236414965,543.6218276931098,14.839937210083008,2194.9052734375,0.11828484740317687,10,115,
140,12.727272727272727,True,28.0,27.50000081353889,1160.2307808169314,nan,28.0,27.50000081353889,1160.2307808169314,1160.2307808169314,0.49999918646110947,-0.3178671481195181,535.734968687469,34.508522033691406,958.1906127929688,0.11252900232018562,10,103,
141,12.818181818181818,True,29.0,28.499999824627537,1072.1571118574054,nan,29.0,28.499999824627537,1072.1571118574054,1072.1571118574054,0.500000175372463,-4.327132086147202,511.5891554133988,41.347774505615234,786.0565795898438,0.10956630376583973,10,105,
142,12.909090909090908,True,29.0,28.50000081353889,1102.628481963668,nan,29.0,28.50000081353889,1102.628481963668,1102.628481963668,0.49999918646110947,-0.8608704149284563,526.1288532396078,37.746803283691406,868.1974487304688,0.11736569694806354,10,114,
143,13.0,True,29.0,28.499999824627537,1088.4550087274033,nan,29.0,28.499999824627537,1088.4550087274033,1088.4550087274033,0.500000175372463,-1.321966388461334,519.3658396348861,34.045936584472656,935.8729248046875,0.13061752632518295,10,117,
144,13.090909090909092,True,27.0,26.499999824627537,1148.6448595209506,nan,27.0,26.499999824627537,1148.6448595209506,1148.6448595209506,0.500000175372463,-1.7648443675404906,512.5228212116587,37.116859436035156,858.517822265625,0.13279493128681064,10,132,
145,13.181818181818182,True,26.0,25.499999824627537,1179.3514571067587,nan,26.0,25.499999824627537,1179.3514571067587,1179.3514571067587,0.500000175372463,-1.9151349771727837,507.7238860633478,36.573028564453125,869.8731079101562,0.13293771194003212,10,122,
146,13.272727272727273,True,27.0,26.499999824627537,1120.8888793388667,nan,27.0,26.499999824627537,1120.8888793388667,1120.8888793388667,0.500000175372463,-2.499419978612252,500.13816362972386,33.87080764770508,906.1500244140625,0.13860431911475996,10,91,
147,13.363636363636363,True,26.0,25.50000081353889,1154.3027039574329,nan,26.0,25.50000081353889,1154.3027039574329,1154.3027039574329,0.49999918646110947,-2.799659882427818,496.94013792274694,30.963756561279297,972.3250122070312,0.12192575406032483,10,117,
148,13.454545454545455,True,25.0,24.499999824627537,1191.7542676606515,nan,25.0,24.499999824627537,1191.7542676606515,1191.7542676606515,0.500000175372463,-2.8789405016767944,494.21243838629255,35.27241897583008,867.5860595703125,0.13296448331251115,10,137,
149,13.545454545454545,True,24.0,23.50000081353889,1228.8554957323897,nan,24.0,23.50000081353889,1228.8554957323897,1228.8554957323897,0.49999918646110947,-3.2254331286366096,490.00500076822607,29.98163604736328,987.15478515625,0.13399964304836695,10,135,
150,13.636363636363637,True,23.0,22.499999824627537,1275.6665145704353,nan,23.0,22.499999824627537,1275.6665145704353,1275.6665145704353,0.500000175372463,-3.1546747419910446,488.1764367416502,31.607501983642578,944.5921020507812,0.15539889344993754,10,169,
151,13.727272727272727,True,23.0,22.499999824627537,1258.5525674034072,nan,23.0,22.499999824627537,1258.5525674034072,1258.5525674034072,0.500000175372463,-3.9121241415699615,481.62721274685254,30.17351722717285,964.6181030273438,0.1295734427985008,10,108,
152,13.818181818181818,True,23.0,22.499999824627537,1250.506313975765,nan,23.0,22.499999824627537,1250.506313975765,1250.506313975765,0.500000175372463,-3.998934499925781,478.5480448902365,34.438987731933594,863.6287231445312,0.11917722648581117,10,112,
153,13.909090909090908,True,21.0,20.499999824627537,1345.079493313353,nan,21.0,20.499999824627537,1345.079493313353,1345.079493313353,0.500000175372463,-4.7162787253556075,471.0567630827493,30.379121780395508,943.4920043945312,0.130073175084776,10,115,
154,14.0,True,21.0,20.499999824627537,1349.3394987633178,nan,21.0,20.499999824627537,1349.3394987633178,1349.3394987633178,0.500000175372463,-4.448173281883726,472.54864842331915,29.7448787689209,965.4251098632812,0.13907728002855613,10,133,
155,14.090909090909092,True,20.0,19.499999824627537,1411.2267398469157,nan,20.0,19.499999824627537,1411.2267398469157,1411.2267398469157,0.500000175372463,-4.3540930148120935,471.07716162325335,31.651269912719727,915.3358154296875,0.13595395323933607,10,140,
156,14.181818181818182,True,21.0,20.499999824627537,1346.320219194348,nan,21.0,20.499999824627537,1346.320219194348,1346.320219194348,0.500000175372463,-4.0224701564604,471.49127444083626,42.709388732910156,716.8971557617188,0.13660538996965912,10,137,
157,14.272727272727273,True,21.0,20.499999824627537,1340.5123671199597,nan,21.0,20.499999824627537,1340.5123671199597,1340.5123671199597,0.500000175372463,-4.132442400110506,469.45732179177344,30.3236026763916,945.5687866210938,0.13155452436194895,10,141,
158,14.363636363636363,True,21.0,20.499999824627537,1345.3269455210682,nan,21.0,20.499999824627537,1345.3269455210682,1345.3269455210682,0.500000175372463,-3.71486637558084,471.14342267169064,30.963756561279297,932.9827880859375,0.12729787613778332,10,143,
159,14.454545454545455,True,21.0,20.50000081353889,1348.007082331155,nan,21.0,20.50000081353889,1348.007082331155,1348.007082331155,0.49999918646110947,-3.439082191727323,472.0820481505595,35.13418960571289,838.551513671875,0.14673389255755845,10,123,
160,14.545454545454545,True,19.0,18.499999824627537,1483.9788561660198,nan,19.0,18.499999824627537,1483.9788561660198,1483.9788561660198,0.500000175372463,-3.470393353707408,470.8733967607025,37.87498092651367,792.6567993164062,0.13418704265572015,10,141,
161,14.636363636363637,True,19.0,18.499999824627537,1486.8599961154687,nan,19.0,18.499999824627537,1486.8599961154687,1486.8599961154687,0.500000175372463,-3.423245601018124,471.7875958740544,-40.601287841796875,784.031005859375,0.14021952525432804,10,158,
162,14.727272727272727,True,18.0,17.499999824627537,1577.8721972430699,nan,18.0,17.499999824627537,1577.8721972430699,1577.8721972430699,0.500000175372463,-3.019791366422112,474.4753159814762,32.38067626953125,905.694580078125,0.13611458147421024,10,144,
163,14.818181818181818,True,17.0,16.499999824627537,1672.639619030434,nan,17.0,16.499999824627537,1672.639619030434,1672.639619030434,0.500000175372463,-2.79750248988924,475.05531305553507,-49.53778076171875,660.4718017578125,0.137747635195431,10,124,
164,14.909090909090908,True,18.0,17.50000081353889,1574.7555900718478,nan,18.0,17.50000081353889,1574.7555900718478,1574.7555900718478,0.49999918646110947,-3.1454896261359124,473.5381600613443,-64.65382385253906,570.6708984375,0.14645725504194182,10,154,
165,15.0,True,18.0,17.499999824627537,1605.5129160633255,nan,18.0,17.499999824627537,1605.5129160633255,1605.5129160633255,0.500000175372463,-2.101295038301174,482.7870403525062,45.0,693.673828125,0.1408977333571301,10,137,
166,15.090909090909092,True,17.0,16.50000081353889,1667.9496353130319,nan,17.0,16.50000081353889,1667.9496353130319,1667.9496353130319,0.49999918646110947,-3.1327055350574255,473.72331333004,33.17850875854492,878.1026000976562,0.12729787613778332,10,112,
167,15.181818181818182,True,17.0,16.499999824627537,1649.9733385724453,nan,17.0,16.499999824627537,1649.9733385724453,1649.9733385724453,0.500000175372463,-3.7787053005914117,468.6177416646242,29.538780212402344,957.5748901367188,0.1329734071033375,10,96,
168,15.272727272727273,True,17.0,16.499999824627537,1591.434942472456,nan,17.0,16.499999824627537,1591.434942472456,1591.434942472456,0.500000175372463,-5.771294666818676,451.9919390896684,30.14138412475586,913.2536010742188,0.12062288059967874,10,90,
169,15.363636363636363,True,14.0,13.499999824627537,2029.8273469903486,nan,14.0,13.499999824627537,2029.8273469903486,2029.8273469903486,0.500000175372463,-3.7432848528432316,473.85377754154325,10.080597877502441,2314.70947265625,0.12981438515081206,10,104,
170,15.454545454545455,True,16.0,15.499999824627537,1790.2876165731861,nan,16.0,15.499999824627537,1790.2876165731861,1790.2876165731861,0.500000175372463,-3.5963297397147755,478.43355008556716,43.31531524658203,707.1090698242188,0.12021238622166697,10,121,
171,15.545454545454545,True,14.0,13.499999824627537,2016.0024805913679,nan,14.0,13.499999824627537,2016.0024805913679,2016.0024805913679,0.500000175372463,-5.184137363396189,470.62642661592025,-37.87498474121094,882.53857421875,0.12306799928609673,10,78,
172,15.636363636363637,True,12.0,11.500000813538891,2397.25905540953,nan,12.0,11.500000813538891,2397.25905540953,2397.25905540953,0.49999918646110947,-5.092946431181872,477.93661949510476,-42.614044189453125,786.7337036132812,0.13665893271461718,10,120,
173,15.727272727272727,True,12.0,11.499999824627537,2543.3838297904745,nan,12.0,11.499999824627537,2543.3838297904745,2543.3838297904745,0.500000175372463,0.49999408504253623,507.06917294685275,65.85445404052734,557.8901977539062,0.14160271283241121,10,87,
174,15.818181818181818,True,13.0,12.499999824627537,2289.418759128009,nan,13.0,12.499999824627537,2289.418759128009,2289.418759128009,0.500000175372463,-0.6255142074002151,495.52090552690834,13.16323184967041,2161.732421875,0.11964126360878101,10,89,
175,15.909090909090908,True,15.0,14.499999824627537,1953.7211780951493,nan,15.0,14.499999824627537,1953.7211780951493,1953.7211780951493,0.500000175372463,-1.4320961841646351,489.1727107031864,-37.18470764160156,839.4986572265625,0.10843298233089417,10,35,
176,16.0,True,16.0,15.500000813538891,1766.0139433165803,nan,16.0,15.500000813538891,1766.0139433165803,1766.0139433165803,0.49999918646110947,-5.714493322299802,471.94672250700893,10.96787166595459,2068.44482421875,0.10459575227556667,10,55,
177,16.09090909090909,True,15.0,14.499999824627537,1912.620924409514,nan,15.0,14.499999824627537,1912.620924409514,1912.620924409514,0.500000175372463,-4.19255475678051,478.88202914053215,57.652549743652344,569.5615844726562,0.11310904872389792,10,49,
178,16.181818181818183,True,12.0,11.499999824627537,2427.8915847531207,nan,12.0,11.499999824627537,2427.8915847531207,2427.8915847531207,0.500000175372463,-6.104754286344843,484.04372295895587,13.729440689086914,1759.757080078125,0.13466000356951632,10,100,
179,16.272727272727273,True,14.0,13.499999824627537,2151.971650721514,nan,14.0,13.499999824627537,2151.971650721514,2151.971650721514,0.500000175372463,0.5000021236414965,502.36779860545863,10.101875305175781,3011.77880859375,0.15505086560771014,10,119,
180,16.363636363636363,True,13.0,12.500000813538891,2088.864606576035,nan,13.0,12.500000813538891,2088.864606576035,2088.864606576035,0.49999918646110947,-7.476231777380832,452.1130779728791,-57.425933837890625,653.9191284179688,0.1300107085489916,10,104,
181,16.454545454545453,True,13.0,12.500000813538891,2146.3982407354342,nan,13.0,12.500000813538891,2146.3982407354342,2146.3982407354342,0.49999918646110947,-3.2974396496790916,464.5656363363475,15.808542251586914,1673.9866943359375,0.14219168302694984,10,131,
182,16.545454545454547,True,13.0,12.500000813538891,2153.7058655896135,nan,13.0,12.500000813538891,2153.7058655896135,2153.7058655896135,0.49999918646110947,-2.5342107798700795,466.1472959398915,-64.09349060058594,562.0790405273438,0.16845439942887738,10,107,
183,16.636363636363637,True,14.0,13.499999824627537,1980.4852747484763,nan,14.0,13.499999824627537,1980.4852747484763,1980.4852747484763,0.500000175372463,-2.2938960305532703,462.33509968048963,14.91584300994873,1711.4873046875,0.17261288595395324,10,136,
184,16.727272727272727,True,14.0,13.499999824627537,1980.623658356511,nan,14.0,13.499999824627537,1980.623658356511,1980.623658356511,0.500000175372463,-1.9532054586096592,462.3674046918071,14.962153434753418,1721.7193603515625,0.16557201499196858,10,135,
185,16.818181818181817,True,14.0,13.499999824627537,1998.2604131235898,nan,14.0,13.499999824627537,1998.2604131235898,1998.2604131235898,0.500000175372463,-1.3194434171685998,466.4846232731537,34.59228515625,839.2423095703125,0.16938247367481707,10,132,
186,16.90909090909091,True,13.0,12.500000813538891,2179.920034397691,nan,13.0,12.500000813538891,2179.920034397691,2179.920034397691,0.49999918646110947,-0.5762955346098977,471.82108087981027,16.022979736328125,1734.2403564453125,0.16809744779582367,10,116,
187,17.0,True,13.0,12.499999824627537,2157.225011329212,nan,13.0,12.499999824627537,2157.225011329212,2157.225011329212,0.500000175372463,-1.0448529840166998,466.9089421833369,13.059308052062988,2048.436279296875,0.17265750490808496,10,117,
188,17.09090909090909,True,13.0,12.500000813538891,2134.731380961826,nan,13.0,12.500000813538891,2134.731380961826,2134.731380961826,0.49999918646110947,-1.5668936771764663,462.04046554934746,34.15969467163086,831.1681518554688,0.17290737105122256,10,115,
189,17.181818181818183,True,14.0,13.499999824627537,1985.7633054480204,nan,14.0,13.499999824627537,1985.7633054480204,1985.7633054480204,0.500000175372463,-1.337128212699156,463.5672314618786,43.15238952636719,688.4222412109375,0.17256826699982153,10,136,
190,17.272727272727273,True,14.0,13.499999824627537,1985.1645925580033,nan,14.0,13.499999824627537,1985.1645925580033,1985.1645925580033,0.500000175372463,-1.297965815193578,463.42746471520525,14.931415557861328,1777.8626708984375,0.17232732464751027,10,139,
191,17.363636363636363,True,14.0,13.499999824627537,1979.7123273996003,nan,14.0,13.499999824627537,1979.7123273996003,1979.7123273996003,0.500000175372463,-1.51960920372332,462.1546587076903,12.971105575561523,1968.8028564453125,0.17283598072461182,10,115,
192,17.454545454545453,True,14.0,13.499999824627537,1962.1219074531318,nan,14.0,13.499999824627537,1962.1219074531318,1962.1219074531318,0.500000175372463,-2.3027329675489057,458.0482567752624,38.65980911254883,741.3500366210938,0.16907014099589507,10,124,
193,17.545454545454547,True,14.0,13.500000813538891,1951.2063865205848,nan,14.0,13.500000813538891,1951.2063865205848,1951.2063865205848,0.49999918646110947,-2.9987225451607173,455.50011179881886,34.695152282714844,809.0191650390625,0.1694538640014278,10,110,
194,17.636363636363637,True,14.0,13.499999824627537,1946.937563042552,nan,14.0,13.499999824627537,1946.937563042552,1946.937563042552,0.500000175372463,-3.180057196609482,454.5035420146137,15.945395469665527,1555.7919921875,0.16993574870605033,10,112,
195,17.727272727272727,True,14.0,13.499999824627537,1942.1075230573347,nan,14.0,13.499999824627537,1942.1075230573347,1942.1075230573347,0.500000175372463,-3.4243270237469403,453.3759915872015,15.945395469665527,1544.1412353515625,0.16912368374085313,10,140,
196,17.818181818181817,True,14.0,13.500000813538891,1936.0944672468752,nan,14.0,13.500000813538891,1936.0944672468752,1936.0944672468752,0.49999918646110947,-3.708213785435248,451.97230409676223,-35.53767395019531,846.7297973632812,0.1678565054435124,10,132,
197,17.90909090909091,True,14.0,13.499999824627537,1936.2309026769008,nan,14.0,13.499999824627537,1936.2309026769008,1936.2309026769008,0.500000175372463,-3.7950737748994072,452.0041218217384,36.15818405151367,777.449951171875,0.16736569694806352,10,131,
198,18.0,True,13.0,12.499999824627537,2087.5148048314472,nan,13.0,12.499999824627537,2087.5148048314472,2087.5148048314472,0.500000175372463,-3.944114072787073,451.8208922097283,-38.884490966796875,784.0448608398438,0.16880242727110475,10,132,
199,18.09090909090909,True,13.0,12.499999824627537,2092.6184788962087,nan,13.0,12.499999824627537,2092.6184788962087,2092.6184788962087,0.500000175372463,-3.8101770442163456,452.92552943872005,30.46554183959961,902.98095703125,0.16630376583972872,10,119,
200,18.181818181818183,True,13.0,12.499999824627537,2091.0345041035584,nan,13.0,12.499999824627537,2091.0345041035584,2091.0345041035584,0.500000175372463,-3.7866214762190396,452.5826945508445,15.024003028869629,1610.95166015625,0.1660271283241121,10,108,
201,18.272727272727273,True,13.0,12.499999824627537,2085.0014900977094,nan,13.0,12.499999824627537,2085.0014900977094,2085.0014900977094,0.500000175372463,-4.280279615486478,451.2769113465636,14.962153434753418,1595.3834228515625,0.16385864715331072,10,100,
202,18.363636363636363,True,13.0,12.499999824627537,2018.571999430346,nan,13.0,12.499999824627537,2018.571999430346,2018.571999430346,0.500000175372463,-7.4958780195943575,436.89893823092416,10.784297943115234,1821.9747314453125,0.1663840799571658,10,115,
203,18.454545454545453,True,13.0,12.499999824627537,2048.1728162281984,nan,13.0,12.499999824627537,2048.1728162281984,2048.1728162281984,0.500000175372463,-6.713030027339755,443.30572750244846,38.8298225402832,710.0655517578125,0.1670712118507942,10,107,
204,18.545454545454547,True,13.0,12.499999824627537,2094.6806629339553,nan,13.0,12.499999824627537,2094.6806629339553,2094.6806629339553,0.500000175372463,-4.059674836658957,453.3718677495568,36.15818405151367,780.0631713867188,0.16109227199714438,10,137,
205,18.636363636363637,True,13.0,12.499999824627537,2089.3555884389507,nan,13.0,12.499999824627537,2089.3555884389507,2089.3555884389507,0.500000175372463,-3.8727454889356068,452.2193106975792,-53.47114562988281,619.0110473632812,0.16617883276815992,10,120,
206,18.727272727272727,True,13.0,12.499999824627537,2126.3519153297743,nan,13.0,12.499999824627537,2126.3519153297743,2126.3519153297743,0.500000175372463,-2.7126361405640296,460.2267812964018,15.024003028869629,1675.92529296875,0.1627164019275388,10,137,
207,18.818181818181817,True,14.0,13.499999824627537,1946.3975852204921,nan,14.0,13.499999824627537,1946.3975852204921,1946.3975852204921,0.500000175372463,-3.3057166105463693,454.37748669707594,13.86401081085205,1752.2335205078125,0.1654917008745315,10,120,
208,18.90909090909091,True,13.0,12.499999824627537,2086.168949535272,nan,13.0,12.499999824627537,2086.168949535272,2086.168949535272,0.500000175372463,-3.8179085604703573,451.5295958130294,-45.0,686.327392578125,0.16203819382473675,10,116,
209,19.0,True,13.0,12.500000813538891,2182.8212911077862,nan,13.0,12.500000813538891,2182.8212911077862,2182.8212911077862,0.49999918646110947,-1.3223279603604965,472.44902780229694,37.87498092651367,780.27880859375,0.1611368909512761,10,116,
210,19.09090909090909,True,14.0,13.499999824627537,2009.8787306498277,nan,14.0,13.499999824627537,2009.8787306498277,2009.8787306498277,0.500000175372463,-1.4087887638335417,469.1968656008807,39.17365646362305,755.53271484375,0.1602623594502945,10,102,
211,19.181818181818183,True,14.0,13.500000813538891,1948.987862105251,nan,14.0,13.500000813538891,1948.987862105251,1948.987862105251,0.49999918646110947,-3.241628681801245,454.98220752882776,14.094589233398438,1731.233642578125,0.15990540781724077,10,119,
212,19.272727272727273,True,13.0,12.500000813538891,2193.8933550200527,nan,13.0,12.500000813538891,2193.8933550200527,2193.8933550200527,0.49999918646110947,-0.8863327151293277,474.8454611944508,13.918952941894531,1948.4630126953125,0.16139568088524006,10,125,
213,19.363636363636363,True,14.0,13.499999824627537,1966.802279827607,nan,14.0,13.499999824627537,1966.802279827607,1966.802279827607,0.500000175372463,-2.373223846690479,459.1408679932729,16.83392906188965,1522.6583251953125,0.15506871318936283,10,128,
214,19.454545454545453,True,14.0,13.499999824627537,1991.3239739028922,nan,14.0,13.499999824627537,1991.3239739028922,1991.3239739028922,0.500000175372463,-1.3918200895790278,464.86534371605825,-36.25384521484375,810.1116333007812,0.16243976441192218,10,160,
215,19.545454545454547,True,13.0,12.500000813538891,2156.9438071280365,nan,13.0,12.500000813538891,2156.9438071280365,2156.9438071280365,0.49999918646110947,-0.885979074445288,466.8481148013074,42.878902435302734,695.8541259765625,0.15539889344993754,10,133,
216,19.636363636363637,True,14.0,13.499999824627537,2002.1083738935579,nan,14.0,13.499999824627537,2002.1083738935579,2002.1083738935579,0.500000175372463,-0.7285142491697343,467.38291186374965,17.846025466918945,1546.1429443359375,0.1643137604854542,10,123,
217,19.727272727272727,True,14.0,13.499999824627537,1969.0493943287202,nan,14.0,13.499999824627537,1969.0493943287202,1969.0493943287202,0.500000175372463,-2.4296563236847533,459.66544644892315,40.60129165649414,724.1903686523438,0.16728538283062644,10,128,
218,19.818181818181817,True,14.0,13.499999824627537,1977.503349503998,nan,14.0,13.499999824627537,1977.503349503998,1977.503349503998,0.500000175372463,-2.193086324969272,461.63898306567626,-34.59228515625,855.032470703125,0.16459039800107086,10,110,
219,19.90909090909091,True,14.0,13.499999824627537,1981.8238061567188,nan,14.0,13.499999824627537,1981.8238061567188,1981.8238061567188,0.500000175372463,-2.161714439890744,462.64757362813555,44.30971908569336,675.2488403320312,0.16521506335891487,10,129,
220,20.0,True,14.0,13.499999824627537,2024.761017593366,nan,14.0,13.499999824627537,2024.761017593366,2024.761017593366,0.500000175372463,-0.07946755136981665,472.6710664471295,34.215702056884766,850.7689208984375,0.1654738532928788,10,118,
221,20.09090909090909,True,14.0,13.499999824627537,2012.5247757188731,nan,14.0,13.499999824627537,2012.5247757188731,2012.5247757188731,0.500000175372463,-0.7521696972630423,469.8145725469278,34.215702056884766,844.8763427734375,0.16454577904693915,10,123,
222,20.181818181818183,True,14.0,13.499999824627537,2002.8340515350098,nan,14.0,13.499999824627537,2002.8340515350098,2002.8340515350098,0.500000175372463,-1.2432617816274956,467.5523179426407,-62.622291564941406,545.8836059570312,0.16203819382473675,10,125,
223,20.272727272727273,True,14.0,13.499999824627537,2050.9071943313334,nan,14.0,13.499999824627537,2050.9071943313334,2050.9071943313334,0.500000175372463,-3.1959095773378863,478.7747701113473,13.91018009185791,1835.3028564453125,0.1639389612707478,10,157,
224,20.363636363636363,True,14.0,13.499999824627537,2012.5387900057817,nan,14.0,13.499999824627537,2012.5387900057817,2012.5387900057817,0.500000175372463,-0.870442929962195,469.81784411719264,34.59228515625,843.5670776367188,0.16437622702123864,10,129,
225,20.454545454545453,True,14.0,13.499999824627537,1937.4093575570041,nan,14.0,13.499999824627537,1937.4093575570041,1937.4093575570041,0.500000175372463,-5.198824348721672,452.2792266465045,32.82854080200195,836.5707397460938,0.1661520613956809,10,112,
226,20.545454545454547,True,14.0,13.499999824627537,1933.7183111980096,nan,14.0,13.499999824627537,1933.7183111980096,1933.7183111980096,0.500000175372463,-5.450205194445687,451.41756899720554,34.695152282714844,802.6116333007812,0.16164554702837766,10,122,
227,20.636363636363637,True,14.0,13.500000813538891,1927.9224157412175,nan,14.0,13.500000813538891,1927.9224157412175,1927.9224157412175,0.49999918646110947,-5.638788450045041,450.0645764467464,34.695152282714844,800.8760986328125,0.16513474924147778,10,145,
228,20.727272727272727,True,14.0,13.500000813538891,1922.7591747728377,nan,14.0,13.500000813538891,1922.7591747728377,1922.7591747728377,0.49999918646110947,-5.937685235281492,448.85924170892036,12.053991317749023,1778.629638671875,0.16235052650365875,10,149,
229,20.818181818181817,True,14.0,13.499999824627537,1987.874221124403,nan,14.0,13.499999824627537,1987.874221124403,1987.874221124403,0.500000175372463,-2.6558674281765207,464.0600149337382,28.30075454711914,987.39990234375,0.16275209709084418,10,133,
230,20.90909090909091,True,13.0,12.500000813538891,2171.1453783038014,nan,13.0,12.500000813538891,2171.1453783038014,2171.1453783038014,0.49999918646110947,-2.860199951974323,469.92189758077177,39.400657653808594,754.2063598632812,0.16139568088524006,10,133,
231,21.0,True,13.0,12.499999824627537,2174.9843795269853,nan,13.0,12.499999824627537,2174.9843795269853,2174.9843795269853,0.500000175372463,-2.8288520684673983,470.7527729267777,14.036242485046387,1811.4830322265625,0.16037836873103695,10,122,
232,21.09090909090909,True,13.0,12.499999824627537,2177.811230698518,nan,13.0,12.499999824627537,2177.811230698518,2177.811230698518,0.500000175372463,-2.7502945187668786,471.36461549455726,14.995078086853027,1715.1654052734375,0.15973585579154026,10,108,
233,21.181818181818183,True,13.0,12.500000813538891,2176.4948859406472,nan,13.0,12.500000813538891,2176.4948859406472,2176.4948859406472,0.49999918646110947,-2.8214659421169017,471.0797430226064,37.234832763671875,790.8045654296875,0.1594592182759236,10,144,
234,21.272727272727273,True,13.0,12.499999824627537,2140.370966172899,nan,13.0,12.499999824627537,2140.370966172899,2140.370966172899,0.500000175372463,-2.9010883578796722,463.2610592067736,15.908831596374512,1595.855224609375,0.15845082991254686,10,121,
235,21.363636363636363,True,13.0,12.499999824627537,2141.6801062275185,nan,13.0,12.499999824627537,2141.6801062275185,2141.6801062275185,0.500000175372463,-2.948644771039568,463.5444089708743,-62.59242248535156,562.877197265625,0.15929859004104943,10,107,
236,21.454545454545453,True,13.0,12.500000813538891,2144.132336205177,nan,13.0,12.500000813538891,2144.132336205177,2144.132336205177,0.49999918646110947,-2.822187717562997,464.0752048031873,15.764193534851074,1614.1121826171875,0.1572550419418169,10,151,
237,21.545454545454547,True,13.0,12.500000813538891,2161.8849019059667,nan,13.0,12.500000813538891,2161.8849019059667,2161.8849019059667,0.49999918646110947,-3.1912212345430646,467.91756351596945,15.168892860412598,1668.436767578125,0.15917365696948063,10,119,
238,21.636363636363637,True,13.0,12.500000813538891,2109.2558061862337,nan,13.0,12.500000813538891,2109.2558061862337,2109.2558061862337,0.49999918646110947,-4.194609785735395,456.5265416269155,13.907776832580566,1716.66015625,0.15808495448866677,10,133,
