variant,aligned_frame,python_frame,sample_kind,matlab_alpha_deg,saved_python_raw_alpha_deg,raw_alpha_deg,alpha_error_deg,abs_alpha_error_deg,nearest_peak_alpha_deg,nearest_peak_error_deg,top_peak_alpha_deg,top_peak_error_deg,n_candidates,candidate_hit_1deg,candidate_hit_2deg,candidate_present_but_weighted_median_wrong,emask_source,emask_density,fas_thres_density,fascicle_masked_density
matlab_literal__matlab,0,1,worst,18.5,21.0,21.0,2.5,2.5,19.0,0.5,19.0,0.5,10,True,True,False,parms.fas.Emask,0.29289365176978216,0.22743288336878612,0.06024618672688597
matlab_literal__dynamic,0,1,worst,18.5,21.0,18.5,0.0,0.0,18.5,0.0,19.0,0.5,10,True,True,False,dynamic,0.38426098615829746,0.22743288336878612,0.0725656044277318
line_mask__matlab,0,1,worst,18.5,21.0,21.0,2.5,2.5,19.0,0.5,19.0,0.5,10,True,True,False,parms.fas.Emask,0.29289365176978216,0.21999032189771456,0.06024618672688597
line_mask__dynamic,0,1,worst,18.5,21.0,18.5,0.0,0.0,18.5,0.0,19.0,0.5,10,True,True,False,dynamic,0.38426098615829746,0.21999032189771456,0.07216487050497515
matlab_literal__matlab,71,72,worst,12.5,26.5,26.5,14.0,14.0,14.5,2.0,26.5,14.0,10,False,True,False,parms.fas.Emask,0.29289365176978216,0.2168499793332191,0.058308045930660427
matlab_literal__dynamic,71,72,worst,12.5,26.5,14.5,2.0,2.0,12.5,0.0,26.5,14.0,10,True,True,False,dynamic,0.37578760598026073,0.2168499793332191,0.06936225338481546
line_mask__matlab,71,72,worst,12.5,26.5,26.5,14.0,14.0,14.5,2.0,26.5,14.0,10,False,True,False,parms.fas.Emask,0.29289365176978216,0.20968213482806247,0.058308045930660427
line_mask__dynamic,71,72,worst,12.5,26.5,14.5,2.0,2.0,12.5,0.0,26.5,14.0,10,True,True,False,dynamic,0.37578760598026073,0.20968213482806247,0.06891363301845896
matlab_literal__matlab,72,73,worst,14.5,26.5,26.5,12.0,12.0,14.5,0.0,26.5,12.0,10,True,True,True,parms.fas.Emask,0.29289365176978216,0.21279475366205278,0.057796417085883074
matlab_literal__dynamic,72,73,worst,14.5,26.5,20.0,5.5,5.5,14.5,0.0,14.5,0.0,10,True,True,True,dynamic,0.37578760598026073,0.21279475366205278,0.06803151432056698
line_mask__matlab,72,73,worst,14.5,26.5,26.5,12.0,12.0,14.5,0.0,26.5,12.0,10,True,True,True,parms.fas.Emask,0.29289365176978216,0.20552105491314912,0.057796417085883074
line_mask__dynamic,72,73,worst,14.5,26.5,20.0,5.5,5.5,14.5,0.0,14.5,0.0,10,True,True,True,dynamic,0.37578760598026073,0.20552105491314912,0.06771143125018902
matlab_literal__matlab,75,76,worst,14.0,26.5,26.5,12.5,12.5,13.5,0.5,28.0,14.0,10,True,True,True,parms.fas.Emask,0.29289365176978216,0.2157183470607805,0.05833829000030244
matlab_literal__dynamic,75,76,worst,14.0,26.5,15.5,1.5,1.5,14.0,0.0,27.0,13.0,10,True,True,False,dynamic,0.37446694827255955,0.2157183470607805,0.06918330930610023
line_mask__matlab,75,76,worst,14.0,26.5,26.5,12.5,12.5,13.5,0.5,28.0,14.0,10,True,True,True,parms.fas.Emask,0.29289365176978216,0.20838920085086649,0.05833829000030244
line_mask__dynamic,75,76,worst,14.0,26.5,15.5,1.5,1.5,14.0,0.0,27.0,13.0,10,True,True,False,dynamic,0.37446694827255955,0.20838920085086649,0.06886322623572227
matlab_literal__matlab,95,96,worst,17.5,29.0,29.0,11.5,11.5,15.0,2.5,29.5,12.0,10,False,False,False,parms.fas.Emask,0.29289365176978216,0.20076265462280604,0.05692942042281209
matlab_literal__dynamic,95,96,worst,17.5,29.0,16.0,-1.5,1.5,16.0,1.5,10.0,-7.5,10,False,True,False,dynamic,0.37446694827255955,0.20076265462280604,0.0660832921677941
line_mask__matlab,95,96,worst,17.5,29.0,29.0,11.5,11.5,15.0,2.5,29.5,12.0,10,False,False,False,parms.fas.Emask,0.29289365176978216,0.19407619489278477,0.05692942042281209
line_mask__dynamic,95,96,worst,17.5,29.0,16.0,-1.5,1.5,16.0,1.5,10.0,-7.5,10,False,True,False,dynamic,0.37446694827255955,0.19407619489278477,0.0658035345236055
matlab_literal__matlab,96,97,worst,16.0,28.5,28.5,12.5,12.5,15.5,0.5,30.0,14.0,10,True,True,True,parms.fas.Emask,0.29289365176978216,0.19534896615688607,0.05541721694071154
matlab_literal__dynamic,96,97,worst,16.0,28.5,27.5,11.5,11.5,15.0,1.0,13.5,-2.5,10,True,True,True,dynamic,0.3730202736080167,0.19534896615688607,0.0633613259000131
line_mask__matlab,96,97,worst,16.0,28.5,28.5,12.5,12.5,15.5,0.5,30.0,14.0,10,True,True,True,parms.fas.Emask,0.29289365176978216,0.1890607200104846,0.05541721694071154
line_mask__dynamic,96,97,worst,16.0,28.5,27.5,11.5,11.5,15.0,1.0,13.5,-2.5,10,True,True,True,dynamic,0.3730202736080167,0.1890607200104846,0.06327311403022391
matlab_literal__matlab,108,109,worst,19.0,31.5,31.5,12.5,12.5,19.0,0.0,32.0,13.0,10,True,True,True,parms.fas.Emask,0.29289365176978216,0.18657566562156605,0.05399574566753702
matlab_literal__dynamic,108,109,worst,19.0,31.5,22.0,3.0,3.0,19.0,0.0,19.0,0.0,10,True,True,False,dynamic,0.367495690220076,0.18657566562156605,0.06218432752311151
line_mask__matlab,108,109,worst,19.0,31.5,31.5,12.5,12.5,19.0,0.0,32.0,13.0,10,True,True,True,parms.fas.Emask,0.29289365176978216,0.18071083645015273,0.05399574566753702
line_mask__dynamic,108,109,worst,19.0,31.5,22.0,3.0,3.0,19.0,0.0,19.0,0.0,10,True,True,False,dynamic,0.367495690220076,0.18071083645015273,0.06177603258294436
matlab_literal__matlab,113,114,worst,19.5,32.0,32.0,12.5,12.5,19.5,0.0,33.5,14.0,10,True,True,True,parms.fas.Emask,0.29289365176978216,0.18424435191999436,0.05464599316484026
matlab_literal__dynamic,113,114,worst,19.5,32.0,19.5,0.0,0.0,19.5,0.0,19.5,0.0,10,True,True,False,dynamic,0.3660439748772595,0.18424435191999436,0.06249936991521579
line_mask__matlab,113,114,worst,19.5,32.0,32.0,12.5,12.5,19.5,0.0,33.5,14.0,10,True,True,True,parms.fas.Emask,0.29289365176978216,0.17754024981601524,0.05464599316484026
line_mask__dynamic,113,114,worst,19.5,32.0,19.5,0.0,0.0,19.5,0.0,19.5,0.0,10,True,True,False,dynamic,0.3660439748772595,0.17754024981601524,0.062108717349006484
matlab_literal__matlab,114,115,worst,19.5,32.0,32.0,12.5,12.5,18.5,1.0,32.0,12.5,10,True,True,True,parms.fas.Emask,0.29289365176978216,0.18001522284838647,0.052647364229330695
matlab_literal__dynamic,114,115,worst,19.5,32.0,32.0,12.5,12.5,18.5,1.0,32.0,12.5,10,True,True,True,dynamic,0.3660439748772595,0.18001522284838647,0.06039740707509603
line_mask__matlab,114,115,worst,19.5,32.0,32.0,12.5,12.5,18.5,1.0,32.0,12.5,10,True,True,True,parms.fas.Emask,0.29289365176978216,0.17373705805853235,0.052647364229330695
line_mask__dynamic,114,115,worst,19.5,32.0,32.0,12.5,12.5,18.5,1.0,32.0,12.5,10,True,True,True,dynamic,0.3660439748772595,0.17373705805853235,0.05973707822124545
matlab_literal__matlab,118,119,worst,19.5,32.5,32.5,13.0,13.0,19.5,0.0,34.5,15.0,10,True,True,True,parms.fas.Emask,0.29289365176978216,0.1804814855887008,0.052496143881120644
matlab_literal__dynamic,118,119,worst,19.5,32.5,19.0,-0.5,0.5,19.0,0.5,32.0,12.5,10,True,True,False,dynamic,0.3646174629258113,0.1804814855887008,0.060556188440716585
line_mask__matlab,118,119,worst,19.5,32.5,32.5,13.0,13.0,19.5,0.0,34.5,15.0,10,True,True,True,parms.fas.Emask,0.29289365176978216,0.173666488562701,0.052496143881120644
line_mask__dynamic,118,119,worst,19.5,32.5,19.0,-0.5,0.5,19.0,0.5,32.0,12.5,10,True,True,False,dynamic,0.3646174629258113,0.173666488562701,0.060064722309033904
matlab_literal__matlab,164,165,worst,31.0,30.5,30.5,-0.5,0.5,30.5,0.5,13.5,-17.5,10,True,True,False,parms.fas.Emask,0.29289365176978216,0.18634127408184045,0.05597925256822558
matlab_literal__dynamic,164,165,worst,31.0,30.5,21.0,-10.0,10.0,31.0,0.0,13.5,-17.5,10,True,True,True,dynamic,0.3632463984353735,0.18634127408184045,0.06377718185759075
line_mask__matlab,164,165,worst,31.0,30.5,30.5,-0.5,0.5,30.5,0.5,13.5,-17.5,10,True,True,False,parms.fas.Emask,0.29289365176978216,0.1800177431875233,0.05597925256822558
line_mask__dynamic,164,165,worst,31.0,30.5,21.0,-10.0,10.0,31.0,0.0,13.5,-17.5,10,True,True,True,dynamic,0.3632463984353735,0.1800177431875233,0.06352766828304417
matlab_literal__matlab,319,320,worst,23.5,25.0,25.0,1.5,1.5,23.5,0.0,25.0,1.5,10,True,True,False,parms.fas.Emask,0.29289365176978216,0.21759095903944836,0.05801568659078766
matlab_literal__dynamic,319,320,worst,23.5,25.0,23.0,-0.5,0.5,23.5,0.0,25.0,1.5,10,True,True,False,dynamic,0.37578760598026073,0.21759095903944836,0.06951599407216236
line_mask__matlab,319,320,worst,23.5,25.0,25.0,1.5,1.5,23.5,0.0,25.0,1.5,10,True,True,False,parms.fas.Emask,0.29289365176978216,0.21082636879618522,0.05801568659078766
line_mask__dynamic,319,320,worst,23.5,25.0,23.0,-0.5,0.5,23.5,0.0,25.0,1.5,10,True,True,False,dynamic,0.37578760598026073,0.21082636879618522,0.0688279414878066
matlab_literal__matlab,437,438,worst,19.0,31.5,31.5,12.5,12.5,19.5,0.5,42.0,23.0,10,True,True,True,parms.fas.Emask,0.29289365176978216,0.18909348441926346,0.055717137297994816
matlab_literal__dynamic,437,438,worst,19.0,31.5,27.5,8.5,8.5,19.5,0.5,19.5,0.5,10,True,True,True,dynamic,0.361870293266662,0.18909348441926346,0.06484076497333481
line_mask__matlab,437,438,worst,19.0,31.5,31.5,12.5,12.5,19.5,0.5,42.0,23.0,10,True,True,True,parms.fas.Emask,0.29289365176978216,0.18123506699061426,0.055717137297994816
line_mask__dynamic,437,438,worst,19.0,31.5,19.5,0.5,0.5,19.5,0.5,19.5,0.5,10,True,True,False,dynamic,0.361870293266662,0.18123506699061426,0.06431149375459962
matlab_literal__matlab,475,476,worst,25.0,25.0,25.0,0.0,0.0,25.0,0.0,25.0,0.0,10,True,True,False,parms.fas.Emask,0.29289365176978216,0.21307955198451503,0.057690562842136035
matlab_literal__dynamic,475,476,worst,25.0,25.0,23.5,-1.5,1.5,25.0,0.0,25.0,0.0,10,True,True,False,dynamic,0.3660439748772595,0.21307955198451503,0.0670838668051173
line_mask__matlab,475,476,worst,25.0,25.0,25.0,0.0,0.0,25.0,0.0,25.0,0.0,10,True,True,False,parms.fas.Emask,0.29289365176978216,0.20601504138396862,0.057690562842136035
line_mask__dynamic,475,476,worst,25.0,25.0,23.5,-1.5,1.5,25.0,0.0,25.0,0.0,10,True,True,False,dynamic,0.3660439748772595,0.20601504138396862,0.06651174982105593
matlab_literal__matlab,613,614,worst,17.5,30.0,30.0,12.5,12.5,17.5,0.0,30.5,13.0,10,True,True,True,parms.fas.Emask,0.29289365176978216,0.19749377476233201,0.05646315768249776
matlab_literal__dynamic,613,614,worst,17.5,30.0,19.0,1.5,1.5,16.5,1.0,15.0,-2.5,10,True,True,False,dynamic,0.36886171403224016,0.19749377476233201,0.06502727006946055
line_mask__matlab,613,614,worst,17.5,30.0,30.0,12.5,12.5,17.5,0.0,30.5,13.0,10,True,True,True,parms.fas.Emask,0.29289365176978216,0.19091316927605778,0.05646315768249776
line_mask__dynamic,613,614,worst,17.5,30.0,19.0,1.5,1.5,16.5,1.0,15.0,-2.5,10,True,True,False,dynamic,0.36886171403224016,0.19091316927605778,0.06467442259030375
matlab_literal__matlab,631,632,worst,33.5,33.0,33.0,-0.5,0.5,33.5,0.0,35.0,1.5,10,True,True,False,parms.fas.Emask,0.29289365176978216,0.1847635417821822,0.0568638916052544
matlab_literal__dynamic,631,632,worst,33.5,33.0,31.5,-2.0,2.0,33.5,0.0,35.0,1.5,10,True,True,False,dynamic,0.3660439748772595,0.1847635417821822,0.06479791920800863
line_mask__matlab,631,632,worst,33.5,33.0,33.0,-0.5,0.5,33.5,0.0,35.0,1.5,10,True,True,False,parms.fas.Emask,0.29289365176978216,0.17884326514975854,0.0568638916052544
line_mask__dynamic,631,632,worst,33.5,33.0,31.5,-2.0,2.0,33.5,0.0,35.0,1.5,10,True,True,False,dynamic,0.3660439748772595,0.17884326514975854,0.06454840563346204
matlab_literal__matlab,728,729,worst,17.0,29.0,29.0,12.0,12.0,13.5,3.5,27.5,10.5,10,False,False,False,parms.fas.Emask,0.29289365176978216,0.19464831187684614,0.05569949492403698
matlab_literal__dynamic,728,729,worst,17.0,29.0,27.5,10.5,10.5,17.0,0.0,27.5,10.5,10,True,True,True,dynamic,0.3646174629258113,0.19464831187684614,0.06448791749417801
line_mask__matlab,728,729,worst,17.0,29.0,29.0,12.0,12.0,13.5,3.5,27.5,10.5,10,False,False,False,parms.fas.Emask,0.29289365176978216,0.18800469791215105,0.05569949492403698
line_mask__dynamic,728,729,worst,17.0,29.0,27.5,10.5,10.5,17.0,0.0,27.5,10.5,10,True,True,True,dynamic,0.3646174629258113,0.18800469791215105,0.0639939310233585
matlab_literal__matlab,730,731,worst,14.0,27.0,27.0,13.0,13.0,12.5,1.5,27.0,13.0,10,False,True,False,parms.fas.Emask,0.29289365176978216,0.1945197745808676,0.055152581331343944
matlab_literal__dynamic,730,731,worst,14.0,27.0,26.5,12.5,12.5,14.0,0.0,26.5,12.5,10,True,True,True,dynamic,0.3632463984353735,0.1945197745808676,0.06403425644954786
line_mask__matlab,730,731,worst,14.0,27.0,27.0,13.0,13.0,12.5,1.5,27.0,13.0,10,False,True,False,parms.fas.Emask,0.29289365176978216,0.18767453348522578,0.055152581331343944
line_mask__dynamic,730,731,worst,14.0,27.0,26.5,12.5,12.5,14.0,0.0,26.5,12.5,10,True,True,True,dynamic,0.3632463984353735,0.18767453348522578,0.06337140725656044
matlab_literal__matlab,788,789,worst,19.5,21.0,21.0,1.5,1.5,19.5,0.0,21.0,1.5,10,True,True,False,parms.fas.Emask,0.29289365176978216,0.22708255622876614,0.06169286139142883
matlab_literal__dynamic,788,789,worst,19.5,21.0,19.5,0.0,0.0,19.5,0.0,19.5,0.0,10,True,True,False,dynamic,0.38426098615829746,0.22708255622876614,0.07336959261238192
line_mask__matlab,788,789,worst,19.5,21.0,21.0,1.5,1.5,19.5,0.0,21.0,1.5,10,True,True,False,parms.fas.Emask,0.29289365176978216,0.21985422358432552,0.06169286139142883
line_mask__dynamic,788,789,worst,19.5,21.0,19.5,0.0,0.0,19.5,0.0,19.5,0.0,10,True,True,False,dynamic,0.38426098615829746,0.21985422358432552,0.0729713790287621
matlab_literal__matlab,882,883,worst,14.5,28.0,28.0,13.5,13.5,14.0,0.5,28.0,13.5,10,True,True,True,parms.fas.Emask,0.29289365176978216,0.1997066325244725,0.056243888177593175
matlab_literal__dynamic,882,883,worst,14.5,28.0,17.0,2.5,2.5,14.5,0.0,14.0,-0.5,10,True,True,False,dynamic,0.37446694827255955,0.1997066325244725,0.06542548365308036
line_mask__matlab,882,883,worst,14.5,28.0,28.0,13.5,13.5,14.0,0.5,28.0,13.5,10,True,True,True,parms.fas.Emask,0.29289365176978216,0.1927177320980311,0.056243888177593175
line_mask__dynamic,882,883,worst,14.5,28.0,17.0,2.5,2.5,14.5,0.0,14.0,-0.5,10,True,True,False,dynamic,0.37446694827255955,0.1927177320980311,0.0650020666780922
matlab_literal__matlab,909,910,worst,20.5,32.5,32.5,12.0,12.0,18.5,2.0,32.5,12.0,10,False,True,False,parms.fas.Emask,0.29289365176978216,0.18846844031332857,0.05715877128426401
matlab_literal__dynamic,909,910,worst,20.5,32.5,18.5,-2.0,2.0,18.5,2.0,14.5,-6.0,10,False,True,False,dynamic,0.36886171403224016,0.18846844031332857,0.06601272267196275
line_mask__matlab,909,910,worst,20.5,32.5,32.5,12.0,12.0,18.5,2.0,32.5,12.0,10,False,True,False,parms.fas.Emask,0.29289365176978216,0.18237678061960017,0.05715877128426401
line_mask__dynamic,909,910,worst,20.5,32.5,18.5,-2.0,2.0,18.5,2.0,14.5,-6.0,10,False,True,False,dynamic,0.36886171403224016,0.18237678061960017,0.06569768027985846
matlab_literal__matlab,910,911,worst,18.5,32.5,32.5,14.0,14.0,23.0,4.5,32.0,13.5,10,False,False,False,parms.fas.Emask,0.29289365176978216,0.18876331999233817,0.05687145262266491
matlab_literal__dynamic,910,911,worst,18.5,32.5,31.0,12.5,12.5,18.5,0.0,14.5,-4.0,10,True,True,True,dynamic,0.36886171403224016,0.18876331999233817,0.0656195497666166
line_mask__matlab,910,911,worst,18.5,32.5,32.5,14.0,14.0,23.0,4.5,32.0,13.5,10,False,False,False,parms.fas.Emask,0.29289365176978216,0.18271450606393597,0.05687145262266491
line_mask__dynamic,910,911,worst,18.5,32.5,31.0,12.5,12.5,18.5,0.0,14.5,-4.0,10,True,True,True,dynamic,0.36886171403224016,0.18271450606393597,0.0652591412700493
matlab_literal__matlab,946,947,worst,34.0,32.5,32.5,-1.5,1.5,34.0,0.0,34.0,0.0,10,True,True,False,parms.fas.Emask,0.29289365176978216,0.18762916738076277,0.05735283739780025
matlab_literal__dynamic,946,947,worst,34.0,32.5,32.0,-2.0,2.0,34.0,0.0,34.0,0.0,10,True,True,False,dynamic,0.36886171403224016,0.18762916738076277,0.06589426673253153
line_mask__matlab,946,947,worst,34.0,32.5,32.5,-1.5,1.5,34.0,0.0,34.0,0.0,10,True,True,False,parms.fas.Emask,0.29289365176978216,0.18122750597320375,0.05735283739780025
line_mask__dynamic,946,947,worst,34.0,32.5,32.0,-2.0,2.0,34.0,0.0,34.0,0.0,10,True,True,False,dynamic,0.36886171403224016,0.18122750597320375,0.06559182603611143
matlab_literal__matlab,980,981,worst,17.5,30.5,30.5,13.0,13.0,17.5,0.0,31.0,13.5,10,True,True,True,parms.fas.Emask,0.29289365176978216,0.19463066950288832,0.057670400129041365
matlab_literal__dynamic,980,981,worst,17.5,30.5,29.0,11.5,11.5,17.0,0.5,31.0,13.5,10,True,True,True,dynamic,0.37026302259232,0.19463066950288832,0.06634288709888803
line_mask__matlab,980,981,worst,17.5,30.5,30.5,13.0,13.0,17.5,0.0,31.0,13.5,10,True,True,True,parms.fas.Emask,0.29289365176978216,0.188294536912887,0.057670400129041365
line_mask__dynamic,980,981,worst,17.5,30.5,29.0,11.5,11.5,17.0,0.5,31.0,13.5,10,True,True,True,dynamic,0.37026302259232,0.188294536912887,0.06588418537598419
matlab_literal__matlab,1102,1103,worst,20.0,20.0,20.0,0.0,0.0,20.0,0.0,19.5,-0.5,10,True,True,False,parms.fas.Emask,0.29289365176978216,0.23076981238595465,0.062088554635911807
matlab_literal__dynamic,1102,1103,worst,20.0,20.0,20.0,0.0,0.0,20.0,0.0,20.0,0.0,10,True,True,False,dynamic,0.38560684725736694,0.23076981238595465,0.07492716219894549
line_mask__matlab,1102,1103,worst,20.0,20.0,20.0,0.0,0.0,20.0,0.0,19.5,-0.5,10,True,True,False,parms.fas.Emask,0.29289365176978216,0.22366245602008206,0.062088554635911807
line_mask__dynamic,1102,1103,worst,20.0,20.0,20.0,0.0,0.0,20.0,0.0,20.0,0.0,10,True,True,False,dynamic,0.38560684725736694,0.22366245602008206,0.07426431300595808
matlab_literal__matlab,1141,1142,worst,14.5,27.5,27.5,13.0,13.0,14.0,0.5,27.5,13.0,10,True,True,True,parms.fas.Emask,0.29289365176978216,0.20770366860564757,0.057569586563568
matlab_literal__dynamic,1141,1142,worst,14.5,27.5,17.5,3.0,3.0,14.0,0.5,14.0,-0.5,10,True,True,False,dynamic,0.37578760598026073,0.20770366860564757,0.06822810077324004
line_mask__matlab,1141,1142,worst,14.5,27.5,27.5,13.0,13.0,14.0,0.5,27.5,13.0,10,True,True,True,parms.fas.Emask,0.29289365176978216,0.20045265290897543,0.057569586563568
line_mask__dynamic,1141,1142,worst,14.5,27.5,16.5,2.0,2.0,14.0,0.5,14.0,-0.5,10,True,True,False,dynamic,0.37578760598026073,0.20045265290897543,0.06778200074602038
matlab_literal__matlab,1171,1172,worst,18.0,32.0,32.0,14.0,14.0,13.5,4.5,32.0,14.0,10,False,False,False,parms.fas.Emask,0.29289365176978216,0.19314618975129294,0.057438528928452616
matlab_literal__dynamic,1171,1172,worst,18.0,32.0,30.5,12.5,12.5,14.0,4.0,30.5,12.5,10,False,False,False,dynamic,0.36886171403224016,0.19314618975129294,0.06685703628280222
line_mask__matlab,1171,1172,worst,18.0,32.0,32.0,14.0,14.0,13.5,4.5,32.0,14.0,10,False,False,False,parms.fas.Emask,0.29289365176978216,0.18729144193642697,0.057438528928452616
line_mask__dynamic,1171,1172,worst,18.0,32.0,30.5,12.5,12.5,14.0,4.0,30.5,12.5,10,False,False,False,dynamic,0.36886171403224016,0.18729144193642697,0.06646134303831924
matlab_literal__matlab,1234,1235,worst,19.5,32.0,32.0,12.5,12.5,18.0,1.5,32.0,12.5,10,False,True,False,parms.fas.Emask,0.29289365176978216,0.19431814744992087,0.0574082848588106
matlab_literal__dynamic,1234,1235,worst,19.5,32.0,29.5,10.0,10.0,19.5,0.0,32.0,12.5,10,True,True,True,dynamic,0.3646174629258113,0.19431814744992087,0.06626475658564616
line_mask__matlab,1234,1235,worst,19.5,32.0,32.0,12.5,12.5,18.0,1.5,32.0,12.5,10,False,True,False,parms.fas.Emask,0.29289365176978216,0.18738469448448983,0.0574082848588106
line_mask__dynamic,1234,1235,worst,19.5,32.0,19.5,0.0,0.0,19.5,0.0,32.0,12.5,10,True,True,False,dynamic,0.3646174629258113,0.18738469448448983,0.06577329045396349
matlab_literal__matlab,1239,1240,worst,19.5,31.0,31.0,11.5,11.5,18.0,1.5,40.5,21.0,10,False,True,False,parms.fas.Emask,0.29289365176978216,0.2002585867954392,0.05796275946891414
matlab_literal__dynamic,1239,1240,worst,19.5,31.0,29.0,9.5,9.5,18.0,1.5,30.0,10.5,10,False,True,False,dynamic,0.3660439748772595,0.2002585867954392,0.06723508715332735
line_mask__matlab,1239,1240,worst,19.5,31.0,31.0,11.5,11.5,18.0,1.5,40.5,21.0,10,False,True,False,parms.fas.Emask,0.29289365176978216,0.1932772473864083,0.05796275946891414
line_mask__dynamic,1239,1240,worst,19.5,31.0,29.0,9.5,9.5,18.0,1.5,30.0,10.5,10,False,True,False,dynamic,0.3660439748772595,0.1932772473864083,0.06684191424798121
matlab_literal__matlab,1261,1262,worst,27.5,26.5,26.5,-1.0,1.0,27.5,0.0,28.0,0.5,10,True,True,False,parms.fas.Emask,0.29289365176978216,0.20488340911153005,0.05702267297087496
matlab_literal__dynamic,1261,1262,worst,27.5,26.5,23.0,-4.5,4.5,28.0,0.5,28.0,0.5,10,True,True,False,dynamic,0.3660439748772595,0.20488340911153005,0.06685199560452855
line_mask__matlab,1261,1262,worst,27.5,26.5,26.5,-1.0,1.0,27.5,0.0,28.0,0.5,10,True,True,False,parms.fas.Emask,0.29289365176978216,0.19751645781456353,0.05702267297087496
line_mask__dynamic,1261,1262,worst,27.5,26.5,23.0,-4.5,4.5,28.0,0.5,28.0,0.5,10,True,True,False,dynamic,0.3660439748772595,0.19751645781456353,0.06621687014204632
matlab_literal__matlab,1271,1272,control,14.0,26.0,26.0,12.0,12.0,13.5,0.5,26.0,12.0,10,True,True,True,parms.fas.Emask,0.29289365176978216,0.2092360348008428,0.057433488250178945
matlab_literal__dynamic,1271,1272,control,14.0,26.0,24.5,10.5,10.5,14.0,0.0,26.0,12.0,10,True,True,True,dynamic,0.3646174629258113,0.2092360348008428,0.06754508886715796
line_mask__matlab,1271,1272,control,14.0,26.0,26.0,12.0,12.0,13.5,0.5,26.0,12.0,10,True,True,True,parms.fas.Emask,0.29289365176978216,0.20189428689524463,0.057433488250178945
line_mask__dynamic,1271,1272,control,14.0,26.0,24.5,10.5,10.5,14.0,0.0,26.0,12.0,10,True,True,True,dynamic,0.3646174629258113,0.20189428689524463,0.06702085832669644
matlab_literal__matlab,1414,1415,control,17.5,30.5,30.5,13.0,13.0,13.5,4.0,13.5,-4.0,10,False,False,False,parms.fas.Emask,0.29289365176978216,0.19529351869587572,0.056468198360771424
matlab_literal__dynamic,1414,1415,control,17.5,30.5,29.0,11.5,11.5,17.5,0.0,13.5,-4.0,10,True,True,True,dynamic,0.3646174629258113,0.19529351869587572,0.06511044126097608
line_mask__matlab,1414,1415,control,17.5,30.5,30.5,13.0,13.0,13.5,4.0,13.5,-4.0,10,False,False,False,parms.fas.Emask,0.29289365176978216,0.1887280352444225,0.056468198360771424
line_mask__dynamic,1414,1415,control,17.5,30.5,29.0,11.5,11.5,17.5,0.0,13.5,-4.0,10,True,True,True,dynamic,0.3646174629258113,0.1887280352444225,0.06470466665994576
matlab_literal__matlab,1418,1419,control,29.5,30.0,30.0,0.5,0.5,30.0,0.5,13.5,-16.0,10,True,True,False,parms.fas.Emask,0.29289365176978216,0.19227163207081144,0.05566168983698446
matlab_literal__dynamic,1418,1419,control,29.5,30.0,27.5,-2.0,2.0,29.5,0.0,13.5,-16.0,10,True,True,False,dynamic,0.3716290464044842,0.19227163207081144,0.06497182260845019
line_mask__matlab,1418,1419,control,29.5,30.0,30.0,0.5,0.5,30.0,0.5,13.5,-16.0,10,True,True,False,parms.fas.Emask,0.29289365176978216,0.1854767977579063,0.05566168983698446
line_mask__dynamic,1418,1419,control,29.5,30.0,27.5,-2.0,2.0,29.5,0.0,13.5,-16.0,10,True,True,False,dynamic,0.3716290464044842,0.1854767977579063,0.06464669885979857
matlab_literal__matlab,1425,1426,control,19.0,31.5,31.5,12.5,12.5,18.5,0.5,31.5,12.5,10,True,True,True,parms.fas.Emask,0.29289365176978216,0.19121308963334105,0.05670258990049701
matlab_literal__dynamic,1425,1426,control,19.0,31.5,31.5,12.5,12.5,18.5,0.5,31.5,12.5,10,True,True,True,dynamic,0.3646174629258113,0.19121308963334105,0.06523645821781779
line_mask__matlab,1425,1426,control,19.0,31.5,31.5,12.5,12.5,18.5,0.5,31.5,12.5,10,True,True,True,parms.fas.Emask,0.29289365176978216,0.18416370106761565,0.05670258990049701
line_mask__dynamic,1425,1426,control,19.0,31.5,31.5,12.5,12.5,18.5,0.5,31.5,12.5,10,True,True,True,dynamic,0.3646174629258113,0.18416370106761565,0.06485588700815582
matlab_literal__matlab,1509,1510,control,20.5,32.0,32.0,11.5,11.5,23.5,3.0,32.0,11.5,10,False,False,False,parms.fas.Emask,0.29289365176978216,0.19459538475497262,0.05808877642575585
matlab_literal__dynamic,1509,1510,control,20.5,32.0,26.0,5.5,5.5,20.5,0.0,32.0,11.5,10,True,True,True,dynamic,0.3660439748772595,0.19459538475497262,0.06710150917907513
line_mask__matlab,1509,1510,control,20.5,32.0,32.0,11.5,11.5,23.5,3.0,32.0,11.5,10,False,False,False,parms.fas.Emask,0.29289365176978216,0.18834746403476052,0.05808877642575585
line_mask__dynamic,1509,1510,control,20.5,32.0,26.0,5.5,5.5,20.5,0.0,32.0,11.5,10,True,True,True,dynamic,0.3660439748772595,0.18834746403476052,0.06696289052654925
matlab_literal__matlab,1575,1576,control,20.5,21.5,21.5,1.0,1.0,20.5,0.0,21.5,1.0,10,True,True,False,parms.fas.Emask,0.29289365176978216,0.22162602199752,0.06065448166705312
matlab_literal__dynamic,1575,1576,control,20.5,21.5,20.5,0.0,0.0,20.5,0.0,21.5,1.0,10,True,True,False,dynamic,0.38139284022058006,0.22162602199752,0.07228080610526952
line_mask__matlab,1575,1576,control,20.5,21.5,21.5,1.0,1.0,20.5,0.0,21.5,1.0,10,True,True,False,parms.fas.Emask,0.29289365176978216,0.21457411309265775,0.06065448166705312
line_mask__dynamic,1575,1576,control,20.5,21.5,20.5,0.0,0.0,20.5,0.0,21.5,1.0,10,True,True,False,dynamic,0.38139284022058006,0.21457411309265775,0.07154486707731392
matlab_literal__matlab,1730,1731,control,34.0,34.5,34.5,0.5,0.5,34.5,0.5,36.0,2.0,10,True,True,False,parms.fas.Emask,0.29289365176978216,0.18357142137045962,0.054797213513050315
matlab_literal__dynamic,1730,1731,control,34.0,34.5,32.5,-1.5,1.5,33.5,0.5,33.5,-0.5,10,True,True,False,dynamic,0.3632463984353735,0.18357142137045962,0.06299839706430897
line_mask__matlab,1730,1731,control,34.0,34.5,34.5,0.5,0.5,34.5,0.5,36.0,2.0,10,True,True,False,parms.fas.Emask,0.29289365176978216,0.1765220328047342,0.054797213513050315
line_mask__dynamic,1730,1731,control,34.0,34.5,32.5,-1.5,1.5,33.5,0.5,33.5,-0.5,10,True,True,False,dynamic,0.3632463984353735,0.1765220328047342,0.06245904448902644
matlab_literal__matlab,1885,1886,control,20.0,21.5,21.5,1.5,1.5,20.0,0.0,19.5,-0.5,10,True,True,False,parms.fas.Emask,0.29289365176978216,0.22773028338693255,0.06326051233453973
matlab_literal__dynamic,1885,1886,control,20.0,21.5,20.0,0.0,0.0,20.0,0.0,19.0,-1.0,10,True,True,False,dynamic,0.38426098615829746,0.22773028338693255,0.07552196223523837
line_mask__matlab,1885,1886,control,20.0,21.5,21.5,1.5,1.5,20.0,0.0,19.5,-0.5,10,True,True,False,parms.fas.Emask,0.29289365176978216,0.2202373151331243,0.06326051233453973
line_mask__dynamic,1885,1886,control,20.0,21.5,20.0,0.0,0.0,20.0,0.0,19.0,-1.0,10,True,True,False,dynamic,0.38426098615829746,0.2202373151331243,0.07489691812930348
matlab_literal__matlab,2040,2041,control,32.5,32.0,32.0,-0.5,0.5,32.5,0.0,32.5,0.0,10,True,True,False,parms.fas.Emask,0.29289365176978216,0.19008397770003932,0.0556642101761213
matlab_literal__dynamic,2040,2041,control,32.5,32.0,31.5,-1.0,1.0,32.5,0.0,32.5,0.0,10,True,True,False,dynamic,0.3632463984353735,0.19008397770003932,0.06516840906112327
line_mask__matlab,2040,2041,control,32.5,32.0,32.0,-0.5,0.5,32.5,0.0,32.5,0.0,10,True,True,False,parms.fas.Emask,0.29289365176978216,0.1826288145332836,0.0556642101761213
line_mask__dynamic,2040,2041,control,32.5,32.0,31.5,-1.0,1.0,32.5,0.0,32.5,0.0,10,True,True,False,dynamic,0.3632463984353735,0.1826288145332836,0.06464417852066175
matlab_literal__matlab,2195,2196,control,26.0,27.0,27.0,1.0,1.0,25.5,0.5,27.0,1.0,10,True,True,False,parms.fas.Emask,0.29289365176978216,0.21182190275523474,0.056611857691570976
matlab_literal__dynamic,2195,2196,control,26.0,27.0,25.5,-0.5,0.5,26.5,0.5,26.5,0.5,10,True,True,False,dynamic,0.37446694827255955,0.21182190275523474,0.06765346345004183
line_mask__matlab,2195,2196,control,26.0,27.0,27.0,1.0,1.0,25.5,0.5,27.0,1.0,10,True,True,False,parms.fas.Emask,0.29289365176978216,0.2050724345467926,0.056611857691570976
line_mask__dynamic,2195,2196,control,26.0,27.0,25.5,-0.5,0.5,26.5,0.5,26.5,0.5,10,True,True,False,dynamic,0.37446694827255955,0.2050724345467926,0.06678394644783402
matlab_literal__matlab,2215,2216,control,17.5,30.0,30.0,12.5,12.5,17.5,0.0,30.0,12.5,10,True,True,True,parms.fas.Emask,0.29289365176978216,0.1978541832588993,0.05774601030314639
matlab_literal__dynamic,2215,2216,control,17.5,30.0,29.5,12.0,12.0,17.5,0.0,31.5,14.0,10,True,True,True,dynamic,0.36886171403224016,0.1978541832588993,0.06689736170899156
line_mask__matlab,2215,2216,control,17.5,30.0,30.0,12.5,12.5,17.5,0.0,30.0,12.5,10,True,True,True,parms.fas.Emask,0.29289365176978216,0.19147772524270865,0.05774601030314639
line_mask__dynamic,2215,2216,control,17.5,30.0,29.5,12.0,12.0,17.5,0.0,31.5,14.0,10,True,True,True,dynamic,0.36886171403224016,0.19147772524270865,0.06661760406480297
matlab_literal__matlab,2351,2352,control,22.5,24.5,24.5,2.0,2.0,23.0,0.5,24.5,2.0,10,True,True,False,parms.fas.Emask,0.29289365176978216,0.21417589950903793,0.057657798433357194
matlab_literal__dynamic,2351,2352,control,22.5,24.5,24.5,2.0,2.0,23.0,0.5,24.5,2.0,10,True,True,False,dynamic,0.3786053451352414,0.21417589950903793,0.06949835169820451
line_mask__matlab,2351,2352,control,22.5,24.5,24.5,2.0,2.0,23.0,0.5,24.5,2.0,10,True,True,False,parms.fas.Emask,0.29289365176978216,0.2073079753611646,0.057657798433357194
line_mask__dynamic,2351,2352,control,22.5,24.5,24.5,2.0,2.0,23.0,0.5,24.5,2.0,10,True,True,False,dynamic,0.3786053451352414,0.2073079753611646,0.06867672113959654
matlab_literal__matlab,2506,2507,control,31.0,35.0,35.0,4.0,4.0,31.0,0.0,12.0,-19.0,10,True,True,False,parms.fas.Emask,0.29289365176978216,0.18064530763259504,0.054298186363957134
matlab_literal__dynamic,2506,2507,control,31.0,35.0,31.0,0.0,0.0,31.0,0.0,11.5,-19.5,10,True,True,False,dynamic,0.3646174629258113,0.18064530763259504,0.062345629227868904
line_mask__matlab,2506,2507,control,31.0,35.0,35.0,4.0,4.0,31.0,0.0,12.0,-19.0,10,True,True,False,parms.fas.Emask,0.29289365176978216,0.17381014789350055,0.054298186363957134
line_mask__dynamic,2506,2507,control,31.0,35.0,31.0,0.0,0.0,31.0,0.0,11.5,-19.5,10,True,True,False,dynamic,0.3646174629258113,0.17381014789350055,0.061813837669996874
matlab_literal__matlab,2520,2521,control,25.0,37.0,37.0,12.0,12.0,24.5,0.5,38.0,13.0,10,True,True,True,parms.fas.Emask,0.29289365176978216,0.17750496506809957,0.05274817779480407
matlab_literal__dynamic,2520,2521,control,25.0,37.0,35.5,10.5,10.5,29.0,4.0,35.5,10.5,10,False,False,False,dynamic,0.361870293266662,0.17750496506809957,0.06136773764277721
line_mask__matlab,2520,2521,control,25.0,37.0,37.0,12.0,12.0,24.5,0.5,38.0,13.0,10,True,True,True,parms.fas.Emask,0.29289365176978216,0.17038752734567963,0.05274817779480407
line_mask__dynamic,2520,2521,control,25.0,37.0,35.5,10.5,10.5,29.0,4.0,35.5,10.5,10,False,False,False,dynamic,0.361870293266662,0.17038752734567963,0.06112830542477796
matlab_literal__matlab,2552,2553,control,20.5,33.5,33.5,13.0,13.0,20.5,0.0,36.5,16.0,10,True,True,True,parms.fas.Emask,0.29289365176978216,0.18470809432117186,0.055455022027764055
matlab_literal__dynamic,2552,2553,control,20.5,33.5,20.5,0.0,0.0,20.5,0.0,18.5,-2.0,10,True,True,False,dynamic,0.3646174629258113,0.18470809432117186,0.06438710392870464
line_mask__matlab,2552,2553,control,20.5,33.5,33.5,13.0,13.0,20.5,0.0,36.5,16.0,10,True,True,True,parms.fas.Emask,0.29289365176978216,0.17831399393102335,0.055455022027764055
line_mask__dynamic,2552,2553,control,20.5,33.5,20.5,0.0,0.0,20.5,0.0,18.5,-2.0,10,True,True,False,dynamic,0.3646174629258113,0.17831399393102335,0.06423336324135775
matlab_literal__matlab,2553,2554,control,20.5,34.0,34.0,13.5,13.5,20.5,0.0,34.0,13.5,10,True,True,True,parms.fas.Emask,0.29289365176978216,0.18613964695089372,0.055835593237426026
matlab_literal__dynamic,2553,2554,control,20.5,34.0,18.5,-2.0,2.0,18.5,2.0,18.5,-2.0,10,False,True,False,dynamic,0.3646174629258113,0.18613964695089372,0.06467442259030375
line_mask__matlab,2553,2554,control,20.5,34.0,34.0,13.5,13.5,20.5,0.0,34.0,13.5,10,True,True,True,parms.fas.Emask,0.29289365176978216,0.17957164316030366,0.055835593237426026
line_mask__dynamic,2553,2554,control,20.5,34.0,18.5,-2.0,2.0,18.5,2.0,18.5,-2.0,10,False,True,False,dynamic,0.3646174629258113,0.17957164316030366,0.06455344631173571
matlab_literal__matlab,2581,2582,control,29.5,17.5,17.5,-12.0,12.0,31.0,1.5,31.0,1.5,10,False,True,False,parms.fas.Emask,0.29289365176978216,0.19434587118042604,0.054691359269303276
matlab_literal__dynamic,2581,2582,control,29.5,17.5,26.5,-3.0,3.0,29.5,0.0,31.0,1.5,10,True,True,False,dynamic,0.3632463984353735,0.19434587118042604,0.06541792263566985
line_mask__matlab,2581,2582,control,29.5,17.5,17.5,-12.0,12.0,31.0,1.5,31.0,1.5,10,False,True,False,parms.fas.Emask,0.29289365176978216,0.18634127408184045,0.054691359269303276
line_mask__dynamic,2581,2582,control,29.5,17.5,19.0,-10.5,10.5,29.5,0.0,31.0,1.5,10,True,True,True,dynamic,0.3632463984353735,0.18634127408184045,0.06488361073866099
matlab_literal__matlab,2665,2666,control,20.5,21.5,21.5,1.0,1.0,20.5,0.0,19.0,-1.5,10,True,True,False,parms.fas.Emask,0.29289365176978216,0.22863508513705605,0.06260018348068916
matlab_literal__dynamic,2665,2666,control,20.5,21.5,20.5,0.0,0.0,20.5,0.0,19.0,-1.5,10,True,True,False,dynamic,0.38426098615829746,0.22863508513705605,0.07464992489389372
line_mask__matlab,2665,2666,control,20.5,21.5,21.5,1.0,1.0,20.5,0.0,19.0,-1.5,10,True,True,False,parms.fas.Emask,0.29289365176978216,0.22163106267579366,0.06260018348068916
line_mask__dynamic,2665,2666,control,20.5,21.5,20.5,0.0,0.0,20.5,0.0,19.0,-1.5,10,True,True,False,dynamic,0.38426098615829746,0.22163106267579366,0.07400471807486415
