variant,FL_RMSE_mm,PEN_RMSE_deg,ANG_RMSE_deg,passes_final_targets,prior_angle_RMSE_vs_MATLAB_final_deg,prior_angle_RMSE_vs_Python_TimTrack_deg,prior_xsup_RMSE_vs_MATLAB_raw_px,prior_length_RMSE_vs_MATLAB_raw_mm,seed_alpha_deg,target_score,seed_xsup,seed_ysup,seed_xdeep,seed_ydeep
calibrated_seed_17.40,1.7662564697568925,0.8786176323745741,0.8863115421915571,True,2.7351922002816678,3.5600465171507722,13.538941308196494,3.4748126227469007,17.4,0.8863115421915571,756.7351000034016,55.9891218545973,-50.7350968278758,309.0349428785875
calibrated_seed_17.35,1.7748984932783114,0.8766836176937575,0.8840486813771627,True,2.7060554215668295,3.553038549995502,13.64594787411626,3.3967933918183495,17.35,0.8874492466391557,757.8732753203527,56.016154684044864,-51.87327846192263,308.99952035484154
calibrated_seed_17.45,1.759705044672509,0.8815305919900397,0.8895397197768935,True,2.768031867569199,3.5700979092303537,13.528618542130985,3.560514288244504,17.45,0.8895397197768935,755.6026932421499,55.96222603425545,-49.60267448963455,309.07018616135264
calibrated_seed_17.30,1.7855534798714212,0.8757021281397975,0.8827263552996448,True,2.680536010062226,3.5489556107026714,13.848381451821302,3.3270198458781506,17.3,0.8927767399357106,759.0172562634592,56.04332540305953,-53.0172738637997,308.96391689483477
calibrated_seed_17.50,1.7551973233928713,0.8853617878534313,0.8936726954351034,True,2.8042631308881503,3.5830608782033395,13.613277946586104,3.6530501595301677,17.5,0.8936726954351034,754.4759862932572,55.93546559029468,-48.47598892348395,309.10525090412074
calibrated_seed_17.55,1.75279404283203,0.890141975337552,0.8987399191817396,True,2.8439826523262757,3.5990353759926808,13.790663235740743,3.7518407931271067,17.55,0.8987399191817396,753.3549595679739,55.908840057462044,-47.35497043864417,309.1401392758103
calibrated_seed_17.25,1.7982240893559436,0.8756992608272581,0.8823712626235762,True,2.6588158740889543,3.5478544996483974,14.143711163198837,3.2662247760656973,17.25,0.8991120446779718,760.1671156627366,56.0706357414287,-54.16710347933426,308.92813186225146
calibrated_seed_17.60,1.7524584954183848,0.8958184678582715,0.9046885817373519,True,2.8869393271859005,3.617936397754577,14.054483694815497,3.8561695841581445,17.6,0.9046885817373519,752.2395784407616,55.882348613365565,-46.23956498378934,309.1748529586084
calibrated_seed_17.20,1.8128857303212602,0.8766802427528428,0.882989372799266,True,2.6409369442816852,3.549721224577188,14.528583695096607,3.2152471935213067,17.2,0.9064428651606301,761.3228536574884,56.09808570246096,-55.322859855431794,308.892162376844
calibrated_seed_17.65,1.7542014951330798,0.9023837242532969,0.9115108516785605,True,2.933064317950122,3.639760049214577,14.400141751418621,3.965578745550239,17.65,0.9115108516785605,751.1297611560793,55.855989316227465,-45.129765555555174,309.209392170474
calibrated_seed_17.15,1.829467181688885,0.8786321512630126,0.8845696291492063,True,2.626917516883321,3.5544823821341813,14.996369985896562,3.1745429115182873,17.15,0.9147335908444425,762.484554267605,56.12567728171484,-56.48455445681787,308.8560080818069
calibrated_seed_17.70,1.7579894678754229,0.9098032681703203,0.9191723295518989,True,2.982185097583732,3.6644382435984064,14.81964544064294,4.079384211325405,17.7,0.9191723295518989,750.0254940034106,55.82976184040882,-44.02549944922403,309.24375917412556
calibrated_seed_17.10,1.847947179649065,0.8815624924492206,0.8871204012936837,True,2.6168235378196294,3.5621428872273038,15.540574947980751,3.1448950434126774,17.1,0.9239735898245325,763.652243601924,56.153411099301906,-57.652256411106,308.8196668257484
calibrated_seed_17.75,1.7638321030142334,0.9180680671510167,0.9276635683533265,True,3.0342831868291023,3.6920159410444824,15.305718110584065,4.1971478078399596,17.75,0.9276635683533265,748.9267288985574,55.8036650438608,-42.926728496743856,309.27795515743026
calibrated_seed_17.05,1.868277210674525,0.8854696611196612,0.8906415339153474,True,2.610713555235043,3.5726720269036116,16.156435371991194,3.1268326057473774,17.05,0.9341386053372625,764.8259904137348,56.181288788183195,-58.825994143041775,308.7831377240327
calibrated_seed_17.80,1.7716821766234379,0.9271411348022978,0.9369478967573999,True,3.089159648825973,3.7223901533232726,15.851353068458817,4.318431958310761,17.8,0.9369478967573999,747.8334196166996,55.77769782869652,-41.83341359056625,309.3119813374945
calibrated_seed_17.00,1.8903969770636997,0.8903320981675422,0.8951125992693943,True,2.608498629044788,3.5859933523637944,16.837061719261573,3.120686913148389,17.0,0.9451984885318498,766.0058313849381,56.209311219591456,-60.00582848204916,308.74641888352465
calibrated_seed_17.85,1.781453234355041,0.9369650216404734,0.9469688525247937,True,3.146570861136531,3.755416438764184,16.449989187976374,4.442869634720084,17.85,0.9469688525247937,746.7455140613569,55.751858957571244,-40.74552224157775,309.34583872544545
calibrated_seed_16.95,1.914270899682844,0.8961488464625391,0.9005340911838559,True,2.6102368703883276,3.602088283947548,17.57474540208794,3.126801108323831,16.95,0.957135449841422,767.1918071333457,56.237479358241245,-61.19181744892228,308.7095084984993
calibrated_seed_17.90,1.7932329147928678,0.9475862865131881,0.9577716724452453,True,3.2067480082224042,3.791315049630127,17.095380568379248,4.570073162508249,17.9,0.9577716724452453,745.6629856049881,55.7261477980536,-39.662997881497155,309.3795290818029
calibrated_seed_17.95,1.806846584665774,0.9589029342211016,0.9692564511899843,True,3.269239274928595,3.8297597640725414,17.780036692929553,4.6996592954105845,17.95,0.9692564511899843,744.5857998220846,55.700563532502514,-38.58579242111677,309.4130539032006
calibrated_seed_16.90,1.9397998038867026,0.9028835202693777,0.9068713948327155,True,2.615806367869173,3.6208389922562927,18.36529139154973,3.1452592120622618,16.9,0.9698999019433513,768.3839893591397,56.26579490708542,-62.383989721919285,308.6724056764309
calibrated_seed_18.00,1.8223103661522106,0.9709156627716884,0.9814232686120224,True,3.3340674869650897,3.870820267692911,18.49932207220145,4.831358941331281,18.0,0.9814232686120224,743.5138907419893,55.67510459404724,-37.51388949739682,309.44641369888967
calibrated_seed_16.85,1.9669814154131793,0.9105444987075425,0.9141334198333947,True,2.625243530391581,3.64226627879813,19.20276304626212,3.1761070435782877,16.85,0.9834907077065896,769.5824078873931,56.294258574499906,-63.582416008036674,308.6351082167743
calibrated_seed_18.05,1.839524379662786,0.9835749898595761,0.9942238245100838,True,3.401047883701286,3.914365629415885,19.24928989899868,4.964943415662895,18.05,0.9942238245100838,742.4472325188425,55.64977036882223,-36.44723428158095,309.4796101752523
calibrated_seed_16.80,1.9957280553046124,0.9190966258559796,0.922286899174161,True,2.638445089710698,3.6662592953986675,20.083389504068197,3.2192524141997385,16.8,0.9978640276523062,770.7871280730889,56.32287191273255,-64.7871333524328,308.59761496660883
calibrated_seed_18.10,1.8584828652633445,0.9968783108602913,1.0076556300136097,False,3.4701862302608433,3.960414186498832,20.024528329041953,5.100067834434085,18.1,1.0076556300136097,741.3857783324705,55.624559744800365,-35.385793298607844,309.5126443741003
calibrated_seed_16.75,2.0259693548542024,0.9285255285493426,0.9313180677781651,False,2.6553225888711047,3.692731041542517,21.00044851440267,3.274348393100153,16.75,1.0129846774271012,771.9981884150485,56.351635836169805,-65.99820616564163,308.55992392134794
calibrated_seed_18.15,1.879078474728094,1.0107678552767803,1.021661917927791,False,3.541269529200252,4.008818124744786,20.820995758413922,5.2365097522867625,18.15,1.021661917927791,740.3295007708782,55.599472070918694,-34.3295148695352,309.5455179037874
calibrated_seed_16.70,2.057697390502661,0.9388031031970596,0.9412003883788047,False,2.6758038473538517,3.7216833547129466,21.95403682951417,3.3410786383706146,16.7,1.0288486952513305,773.2156677694483,56.3805522177266,-67.21566051258985,308.52203426979816
calibrated_seed_18.20,1.901289134117232,1.0252382004938199,1.0362375919732194,False,3.614302603770385,4.059589294144626,21.637297754264836,5.374212194472979,18.2,1.0362375919732194,739.27835577731,55.57450630078415,-33.27836441067054,309.57823184062835
calibrated_seed_16.65,2.0907931829726816,0.9499075313369323,0.9519127758108584,False,2.6997674868966235,3.752957043650118,22.9379743185294,3.419007082528577,16.65,1.0453965914863408,774.4395806098438,56.40962140116466,-68.43958654240717,308.48394320633554
calibrated_seed_18.25,1.9250141675174006,1.040242117379062,1.051336195713023,False,3.6891179992944223,4.112598144261638,22.469722424426443,5.512972611717,18.25,1.051336195713023,738.232302458209,55.54966146313288,-32.23230502489677,309.6107873329363
calibrated_seed_16.60,2.1252259428853044,0.9617975604440928,0.9634152463972829,False,2.7270476291784207,3.7864957161788944,23.95063298071114,3.5074958117048474,16.6,1.0626129714426522,775.6700020764968,56.43884517114216,-69.67001623347237,308.44564973572795
calibrated_seed_18.30,1.9502288499785174,1.0557690970498823,1.0669477720366145,False,3.7657032267617176,4.167839451376069,23.31613454456226,5.652534030499977,18.3,1.0669477720366145,737.191298346263,55.52493654932272,-31.191302131494968,309.64318545693345
calibrated_seed_16.55,2.1609670383430446,0.9744747804803131,0.9757096836851614,False,2.757635390548288,3.8222876219779054,24.989005922848616,3.606108707547425,16.55,1.0804835191715223,776.9070039123076,56.46822523162655,-70.90698605421188,308.4071527230039
calibrated_seed_18.35,1.9768043418482595,1.0717591233965476,1.0830132419911849,False,3.8438228112872808,4.225123086024164,24.172849180463498,5.792720774484388,18.35,1.0830132419911849,736.1553125361393,55.50033082532033,-30.15531058809516,309.675427617542
calibrated_seed_16.50,2.197907913698226,0.9878871787836682,0.9887450371673707,False,2.791284775376918,3.8601490846582394,26.050320930043725,3.7141565291623144,16.5,1.098953956849113,778.15059411001,56.497761772453316,-72.15059597173742,308.3684490569839
calibrated_seed_18.40,2.004761711340984,1.0882325054305988,1.0995528843591424,False,3.9236345163032125,4.284569772777801,25.042718839737038,5.933717311316493,18.4,1.0995528843591424,735.124296917255,55.475843148450195,-29.124302862406754,309.70751467162285
calibrated_seed_18.45,2.0339443799924664,1.1051116177279714,1.116490449097348,False,4.004811633970872,4.345909284100442,25.917649225743272,6.075004380350667,18.45,1.116490449097348,734.098228019317,55.451472961268706,-28.09822802764316,309.7394482041209
calibrated_seed_16.45,2.2360578859118325,1.0020164126234143,1.0025036521052886,False,2.827930291420161,3.9001035699716855,27.135918095407995,3.831156186743356,16.45,1.1180289429559163,779.4008766801431,56.527457263979386,-73.40085328737894,308.3295385104357
calibrated_seed_18.50,2.0643605034927015,1.1224118819862106,1.1338414280990436,False,4.087463854188025,4.409221728139821,26.799445425639718,6.216602492714065,18.5,1.1338414280990436,733.0770597457234,55.427219168934414,-27.077058060647843,309.77122908717377
calibrated_seed_16.40,2.275308132001398,1.0168319975483744,1.0169551867899165,False,2.867383184904773,3.9419757466365,28.24058969240839,3.9564041918437125,16.4,1.137654066000699,780.657854042319,56.557311763673,-74.65786581755306,308.2904177278935
calibrated_seed_18.55,2.0958848489664446,1.1400756122608282,1.1515490038381748,False,4.1713896527990695,4.474330180579787,27.688666476272957,6.358578629580893,18.55,1.1515490038381748,732.0607525457048,55.40308083207606,-26.06075925317954,309.80285836985036
calibrated_seed_16.35,2.315650999720304,1.0323035161158371,1.0320701062004747,False,2.9095400060395615,3.9857581126590738,29.36451339444505,4.089389208116695,16.35,1.157825499860152,781.9216297650655,56.58732773139275,-75.9216437425557,308.25108639252585
calibrated_seed_18.60,2.1285433410915497,1.158120471094285,1.1696308517775782,False,4.256693131625434,4.541313255875034,28.58274873917975,6.500831498162764,18.6,1.1696308517775782,731.0492803029477,55.37905733040438,-25.04928545071957,309.83433748857294
calibrated_seed_16.30,2.3570386270454593,1.0484151789711103,1.0478325671667281,False,2.9542702787926034,4.031356627501734,30.50618223233361,4.229596070005725,16.3,1.1785193135227297,783.1922555178859,56.61750639434226,-77.19224921818255,308.2115425699181
calibrated_seed_18.65,2.162204695656583,1.176493467489134,1.1880350578229932,False,4.343184199871763,4.60999174832464,29.480172693975398,6.643093596777125,18.65,1.1880350578229932,730.0426011490933,55.355147669503026,-24.04260664302955,309.86566737732113
calibrated_seed_16.25,2.399387399796045,1.0651216033615396,1.064197629196313,False,3.001393195453697,4.078650717871754,31.664919618211794,4.376504290152383,16.25,1.1996936998980225,784.4697675218714,56.6478486128095,-78.46976075806114,308.17178381656674
calibrated_seed_18.70,2.196844229488393,1.1951864926645377,1.2067535763966715,False,4.4308746562607,4.680366074959367,30.380513596468127,6.785472771498474,18.7,1.2067535763966715,729.0406898809172,55.33135125076956,-23.040677188980506,309.8968494565396
calibrated_seed_16.20,2.4426953540955543,1.0824100513599426,1.0811525733692564,False,3.050805649152563,4.127609356699904,32.840286174992386,4.52970790779302,16.2,1.2213476770477771,785.7542262334044,56.67835582269558,-79.7542344717031,308.1318083862299
calibrated_seed_18.75,2.2323987773957725,1.2141741350790851,1.2257618302971003,False,4.5196855890840935,4.752355078658916,31.284288612427698,6.927889377954037,18.75,1.2257618302971003,728.0434890168384,55.30766670895764,-22.043483773622068,309.9278841406166
calibrated_seed_16.15,2.4869265481803104,1.1002623138212668,1.0986790618053857,False,3.102428910453172,4.178196066506455,34.029984286580266,4.688719337604636,16.15,1.2434632740901552,787.0457077000374,56.70902983020764,-81.04571253592425,308.09161496627934
calibrated_seed_18.80,2.2688011585249606,1.2334294736174864,1.2450330316896834,False,4.60952451960133,4.825867857268127,32.1885459894379,7.0701483222755765,18.8,1.2450330316896834,727.0509729757846,55.28409343649054,-21.050982502567013,309.9587727956345
calibrated_seed_18.85,2.3060397444899654,1.2529550303291324,1.2645700697185989,False,4.700447719772377,4.90093088529259,33.094392751140354,7.212325041929212,18.85,1.2645700697185989,726.0631175268247,55.26063085785887,-20.063128831260507,309.98951680791043
calibrated_seed_16.10,2.5319952470551184,1.118621248491393,1.116720579450317,False,3.155987622576875,4.230208796398997,35.23361807231513,4.853114584913916,16.1,1.2659976235275592,788.3442639760946,56.739871871689246,-82.34426189021278,308.0512014734223
calibrated_seed_18.90,2.3440086379435083,1.2727053197065346,1.2843281373483184,False,4.792285633081117,4.977383021148198,33.999396983779405,7.354217792797689,18.9,1.2843281373483184,725.0798871327006,55.23727812901632,-19.079889963189814,310.02011719813845
calibrated_seed_16.05,2.5779083472353763,1.137490047233798,1.1352798589670015,False,3.211506993805371,4.283707867570842,36.452850221174764,5.022698587187602,16.05,1.2889541736176882,789.6499559884413,56.77088339421584,-83.64994214116089,308.01056605258054
calibrated_seed_18.95,2.382656081260091,1.2926593323449704,1.3042864617243508,False,4.8849604821547,5.055140979854714,34.90577990037959,7.495939045439119,18.95,1.3042864617243508,724.1012323950026,55.2140340767001,-18.101247349309737,310.05057454360247
calibrated_seed_16.00,2.6246228772873685,1.1568414822497066,1.1543295346851952,False,3.2688040810087,4.338561031214903,37.683543625870755,5.1969600696017535,16.0,1.3123114386436843,790.9628226347857,56.80206532164783,-84.96283576938593,307.96970613678985
calibrated_seed_19.00,2.4221194953153296,1.3128924429167268,1.3245200352515343,False,4.978891364945021,5.134555333823487,35.81422445765965,7.637611330671047,19.0,1.3245200352515343,723.1271456626597,55.1908985191894,-17.12714216690647,310.0808906749848
calibrated_seed_15.95,2.672103749183884,1.1766446284911882,1.1738389778402338,False,3.327777192991348,4.394720886865183,38.928198400296864,5.37578730453849,15.95,1.336051874591942,792.2829704520198,56.83342018434553,-86.28296055819541,307.92862117259745
calibrated_seed_19.05,2.4620764797725436,1.3332522837281051,1.3448780243430527,False,5.0733701394261095,5.2149867943826616,36.71882252331595,7.778751931995468,19.05,1.3448780243430527,722.1575675759084,55.16787004662905,-16.15756692714036,310.11106582535336
calibrated_seed_15.90,2.720324369072345,1.1968845772572347,1.1937928658452173,False,3.3883332217655266,4.452133403841439,40.18550282537478,5.558829479105847,15.9,1.3601621845361724,793.6104119537167,56.86494827951907,-87.61042752774958,307.8873077048306
calibrated_seed_19.10,2.502694767619948,1.3538223892239216,1.3654432653686832,False,5.168852939259132,5.29682564259966,37.62596026718753,7.91983102331353,19.1,1.3654432653686832,721.1924832590354,55.14494830570564,-15.192471166501411,310.1411015652351
calibrated_seed_15.85,2.7692458263057094,1.217539178965208,1.2141688655791953,False,3.4503510654594103,4.510709767394549,41.45382982117367,5.745795953352602,15.85,1.3846229131528547,794.9452585641478,56.89665225360906,-88.94525250228227,307.84576524100703
calibrated_seed_19.15,2.543851040499342,1.3745516218592353,1.3861652394436024,False,5.265089086485001,5.379832706413401,38.5294357461517,8.060368347516315,19.15,1.3861652394436024,720.2318389971337,55.12213202063509,-14.231843128016013,310.1709982605308
calibrated_seed_19.20,2.5855977775991943,1.3954677085215996,1.4070715249490975,False,5.362305934035544,5.4641958649387625,39.43399668264939,8.200704102710985,19.2,1.4070715249490975,719.275627785921,55.099421025058575,-13.275625875997287,310.20075768319475
calibrated_seed_15.80,2.818832980246345,1.238577389194197,1.2349360629203692,False,3.5137397104241237,4.570406309106886,42.734699703617004,5.936581566621639,15.8,1.4094164901231725,796.2875353168284,56.928532701187095,-90.28753711762835,307.8039906180131
calibrated_seed_19.25,2.6277119776834983,1.416470121506648,1.4280627746244607,False,5.4599718928675705,5.549417365303449,40.33649596128141,8.34061736488292,19.25,1.4280627746244607,718.3238072794918,55.076814313217454,-12.323797739013234,310.2303805076859
calibrated_seed_15.75,2.8690810655543277,1.2599902644467902,1.2560849762498756,False,3.578382786386452,4.631139422492529,44.02649882332655,6.1309535204413095,15.75,1.4345405327771639,797.637320613955,56.960591484385674,-91.63733234160091,307.76198224962695
calibrated_seed_19.30,2.670356962904486,1.4376360146056444,1.4492152667352587,False,5.558576118027509,5.635934903289545,41.23748764300631,8.480162037915882,19.3,1.4492152667352587,717.3763410801396,55.05431102062889,-11.376331819806287,310.25986757110144
calibrated_seed_15.70,2.919991394051862,1.2817760273433323,1.277613560773973,False,3.644272654012944,4.69292661734409,45.32927680693608,6.328687190867356,15.7,1.459995697025931,798.9946847570998,56.992830272939074,-92.99469853165887,307.719738257402
calibrated_seed_19.35,2.713372733706139,1.4588975809291613,1.4704621740658887,False,5.657747268557607,5.72338986306332,42.135192554995086,8.619135869734407,19.35,1.4704621740658887,716.4331929329229,55.031910286200855,-10.433201680135616,310.2892196962532
calibrated_seed_15.65,2.9714643644353096,1.3038788351090547,1.2994659357147476,False,3.7111914120133083,4.755583157465753,46.643613546114466,6.529786485859543,15.65,1.4857321822176548,800.3596903459561,57.02525055365416,-94.35970506392937,307.6772564822122
calibrated_seed_19.40,2.756759559078583,1.4802571540839122,1.49180568640802,False,5.757551518263864,5.811830266181651,43.03244935945255,8.757762475088214,19.4,1.49180568640802,715.494346649406,55.009611725441545,-9.494361793100804,310.31843830003083
calibrated_seed_15.60,3.023548448943363,1.3263105425861177,1.3216537315476944,False,3.7791834628682466,4.819176612124896,47.96904955336756,6.733998001327438,15.6,1.5117742244716814,801.7324041441221,57.057853912234805,-95.73241876805348,307.6345348441834
calibrated_seed_19.45,2.800561770636508,1.5017385555738085,1.513269563913904,False,5.858143808624562,5.9013818655293315,43.92688168234827,8.895860866865753,19.45,1.513269563913904,714.559766620902,54.98741449260808,-8.559786260554068,310.34752418843715
calibrated_seed_19.50,2.8446892882852626,1.5233015918305945,1.5348139863954178,False,5.959341149934604,5.991869069343055,44.81952112921437,9.033579666585675,19.5,1.5348139863954178,713.6294338720593,54.965318137016425,-7.629433447268911,310.376478657245
calibrated_seed_15.55,3.0762146956425407,1.349051075765943,1.3441567880712568,False,3.8481550467688326,4.883638752037972,49.30502751753663,6.941223767749479,15.55,1.5381073478212703,803.1128964418882,57.09064201814732,-97.11290457261595,307.5915713226063
calibrated_seed_19.55,2.8891412010579844,1.544952219076589,1.5564449062386487,False,6.061200592817524,6.08332531568973,45.71001082255186,9.170731816918325,19.55,1.5564449062386487,712.7032956029733,54.943321404614835,-6.703295465029075,310.40530195195174
calibrated_seed_15.50,3.129441339935915,1.3720899953799666,1.3669641483128707,False,3.9180552538880336,4.948935882012519,50.65124090533425,7.151330233416289,15.5,1.5647206699679574,804.5012291687724,57.12361634228128,-98.50123713210441,307.54836359408154
calibrated_seed_19.60,2.9338306361691817,1.5666472554555884,1.5781196459896973,False,6.163518485947537,6.175557058761369,46.59801487859305,9.307450317991842,19.6,1.5781196459896973,711.7813342812108,54.921423878990026,-5.781330397423588,310.43399537708115
calibrated_seed_15.45,3.1832009830097316,1.3954027548206127,1.3900512625157888,False,3.9887807279835763,5.014987088586771,52.00887718749634,7.36430678492254,15.45,1.5916004915048658,805.8974821235954,57.15677877994028,-99.89747524521675,307.5049098286743
calibrated_seed_19.65,2.9787993076531607,1.5884112893677549,1.5998624534088104,False,6.26646703555965,6.268709996615432,47.48399414668512,9.443637661163304,19.65,1.5998624534088104,710.8635078165948,54.89962456045714,-4.863520973964776,310.46255947012594
calibrated_seed_15.40,3.237449644418841,1.4189684483201668,1.4133966489661967,False,4.0602158933324155,5.081693490100637,53.37516616214535,7.579917248690424,15.4,1.6187248222094206,807.3017113243914,57.190130661610056,-101.30170253314765,307.4612074239231
calibrated_seed_19.70,3.024011440682128,1.610231718548404,1.621661083941613,False,6.369974891854731,6.362699647389035,48.36584400486149,9.579180270701519,19.7,1.621661083941613,709.9498180853409,54.87792349357832,-3.949807343254135,310.49099609378305
calibrated_seed_19.75,3.06947532489822,1.6321106612548812,1.6435174823550818,False,6.474121000955087,6.457598625382329,49.24716591101663,9.71441391187998,19.75,1.6435174823550818,709.0402034821243,54.85631921516392,-3.0401924740514152,310.51930515565874
calibrated_seed_15.35,3.2922313115266926,1.4427976836314524,1.4370109987095927,False,4.1324357987825024,5.1491404108789744,54.75271840091889,7.798248125362559,15.35,1.6461156557633463,808.7139885296124,57.2236736916274,-102.71398888629004,307.4172542046971
calibrated_seed_19.80,3.115112225256227,1.6540168796719972,1.6654008355046455,False,6.578706529914905,6.553205738107181,50.12518977745813,9.849014413777393,19.8,1.6654008355046455,708.1346433026226,54.83481123346513,-2.1346397486669577,310.5474877953699
calibrated_seed_15.30,3.347519490330437,1.4668662842226445,1.460870066780145,False,4.2053462157201675,5.217256375858787,56.1404525323207,8.019130940906974,15.3,1.6737597451652184,810.1343962701955,57.2574098301865,-104.13439534167689,307.37304827139985
calibrated_seed_19.85,3.1609078883501605,1.675942751158591,1.687303535817472,False,6.683751765913121,6.649529959342565,50.99962276060579,9.982986432600283,19.85,1.687303535817472,707.2331090629283,54.813398871959976,-1.2331207125166577,310.5755448984808
calibrated_seed_15.25,3.403256572278838,1.4911477054600508,1.4849467380974348,False,4.278808929168965,5.285909823164507,57.538963042665635,8.24262536402061,15.25,1.701628286139419,811.5630068182863,57.29134079382487,-105.56299463226172,307.3285873604341
calibrated_seed_19.90,3.2069204538388156,1.697919055607586,1.7092560992041377,False,6.789442088079027,6.74673698750601,51.871770186029245,10.116462323373712,19.9,1.7092560992041377,706.3355933645876,54.79208195492757,-0.3355867460340915,310.6034779781313
calibrated_seed_15.20,3.459479950752691,1.5156574041755526,1.509256300940836,False,4.35287222051591,5.355159708514158,58.94619170403987,8.46845457756795,15.2,1.7297399753763456,812.9998729984434,57.3254678371799,-106.99988017300065,307.28386856453676
calibrated_seed_19.95,3.2531089851546375,1.719927050745274,1.7312400345715735,False,6.8956981440431315,6.844742445822655,52.74140889288095,10.249418161964483,19.95,1.7312400345715735,705.4420450786665,54.770859268003335,0.5579673426493275,310.63128719590276
calibrated_seed_20.00,3.2993842631964743,1.7419290619595464,1.7532180095132828,False,7.0022995939806165,6.943327618323889,53.60845269916117,10.381781878399444,20.0,1.7532180095132828,704.5524417416377,54.74973027765566,1.4475743586291623,310.6589735727564
calibrated_seed_15.15,3.5161628055544045,1.5403725333022642,1.5337758293524868,False,4.427464615149752,5.424945860317773,60.364495616731645,8.696748020241031,15.15,1.7580814027772023,814.445097710965,57.359793404238985,-108.44509825294448,307.23889044309857
calibrated_seed_20.05,3.345708564645027,1.7639073036144506,1.7751722193261286,False,7.109215932339677,7.042458363313478,54.47243198331699,10.513610533834534,20.05,1.7751722193261286,703.6667465579254,54.72869410995173,2.3332525355421674,310.68653767616
calibrated_seed_15.10,3.5733233689320483,1.565295171385965,1.5585072017423116,False,4.5025964240339205,5.495284204765071,61.792988478652035,8.927437382684827,15.1,1.7866616844660241,815.8987479127587,57.394319085297354,-109.89873199208729,307.19365040925646
calibrated_seed_20.10,3.392188503813083,1.7859135967247997,1.7971542202121473,False,7.2167071379893795,7.142368747954438,55.333346818616604,10.644846934990646,20.1,1.7971542202121473,702.7849475066615,54.70775047938372,3.215043918822878,310.7139808146529
calibrated_seed_15.05,3.630915417563372,1.590402798421906,1.583427516205184,False,4.578167469554485,5.566082047057911,63.23145273840066,9.160485059682621,15.05,1.815457708781686,817.3608815511557,57.42904625666341,-111.36087508181542,307.14814554714434
calibrated_seed_20.15,3.4388362376178563,1.8079523572309555,1.8191683408343395,False,7.324870907719795,7.243147863385226,56.19186857078843,10.775529722408255,20.15,1.8191683408343395,701.9070256395615,54.68689893591039,4.092983262066394,310.7413040698376
calibrated_seed_20.20,3.485461454239775,1.8299423767991314,1.841134075455171,False,7.433196579878444,7.344297814360092,57.04537487243246,10.905546961290353,20.2,1.841134075455171,701.032930942615,54.66613829164788,4.967074338596931,310.7685075591475
calibrated_seed_15.00,3.6889137847388875,1.6156767024580412,1.6085181264289927,False,4.654099643322325,5.637274055341927,64.67885524980962,9.395713250303206,15.0,1.8444568923694438,818.8315845583419,57.46397695931458,-112.83159572534356,307.1023737341396
calibrated_seed_20.25,3.5321893262121535,1.8519372508807361,1.8631045365763599,False,7.542071942531084,7.4461842607097575,57.898105098022114,11.035075259195409,20.25,1.8631045365763599,700.1626458525484,54.64546812945042,5.837352286032271,310.7955923761367
calibrated_seed_20.30,3.578978231930309,1.8739236504030288,1.8850666194737258,False,7.651385800628032,7.548690190201948,58.74784200475549,11.163999040199073,20.3,1.8850666194737258,699.2961461650259,54.62488787444016,6.703845245913499,310.82255939662707
calibrated_seed_20.35,3.6258286743802737,1.8958948914547415,1.907013519330896,False,7.761193300149311,7.65186991016525,59.5940964894519,11.292317535352218,20.35,1.907013519330896,698.4334118079499,54.60439704988437,7.566584943360496,310.84940960796877
calibrated_seed_20.40,3.672642694912464,1.9178172537297293,1.9289118664984806,False,7.8712131352141625,7.755437947438075,60.43720845262963,11.420108012174387,20.4,1.9289118664984806,697.5744136276477,54.583994963353405,8.425593721193316,310.8761437055157
calibrated_seed_20.45,3.7194998735449305,1.939720254733679,1.9507909052378105,False,7.981705889542873,7.8596438163762254,61.27727093165663,11.547228198601694,20.45,1.9507909052378105,696.7191168356424,54.5636807885852,9.280887927024674,310.90276219803883
calibrated_seed_20.50,3.7663337339466008,1.9615802709647296,1.9726272702067942,False,8.092504376216143,7.964317054004062,62.11458955783838,11.673851609648748,20.5,1.9726272702067942,695.8675088654913,54.54345422711401,10.132505267042905,310.9292662590313
calibrated_seed_20.55,3.8132451592536802,1.9834384710060273,1.9944617631771024,False,8.20389135043201,8.069727607397745,62.94848556915066,11.799806642620451,20.55,1.9944617631771024,695.0195518817657,54.523314380309614,10.980458187287448,310.9556562758391
calibrated_seed_20.60,3.8600901319748893,2.0052345101109412,2.016234498252972,False,8.315516951515313,8.175530883673309,63.77948833599799,11.92521332752542,20.6,2.016234498252972,694.1752254373646,54.50326076253242,11.824775757823286,310.98193315318167
calibrated_seed_20.65,3.906882986000169,2.0269729861548607,2.037949968652041,False,8.427428932635303,8.281770282461022,64.60736533402269,12.049968573634095,20.65,2.037949968652041,693.3345106883678,54.48329292622003,12.665488181623891,311.00809783103693
calibrated_seed_20.70,3.953667035172323,2.0486781233878077,2.0596323273756414,False,8.539763129318418,8.388567687542668,65.43223859013725,12.174180369150182,20.7,2.0596323273756414,692.4973755146873,54.46341010848744,13.502612188644468,311.034150830075
calibrated_seed_20.75,4.0004407499635875,2.0703443762942233,2.0812759376725807,False,8.652513223613038,8.495914838219155,66.25358708884552,12.297711718200894,20.75,2.0812759376725807,691.6638175750612,54.44361225372728,14.336193318673628,311.06009356758665
calibrated_seed_20.80,4.047147147987821,2.091952125158346,2.102861407846027,False,8.765567503917943,8.603697353766986,67.0723607852501,12.42075187941609,20.8,2.102861407846027,690.8337794663692,54.42389799855664,15.166222613559192,311.08592576477594
calibrated_seed_20.85,4.09377870045896,2.1134934509147896,2.1243808121883596,False,8.87890973294821,8.71189915798593,67.88808683369497,12.543211574883987,20.85,2.1243808121883596,690.0072591725483,54.404267295091984,15.992745082741795,311.11164882242804
calibrated_seed_20.90,4.1403772504059555,2.1349933508731684,2.1458589967781605,False,8.992643436271933,8.820609616360022,68.70083216924358,12.665033729438642,20.9,2.1458589967781605,689.1842261684669,54.38471941833018,16.815777321227166,311.13726325701333
calibrated_seed_20.95,4.18693036217421,2.1564416697328195,2.1672858531984343,False,9.106801364570392,8.92986225795404,69.51124636772775,12.786319959435769,20.95,2.1672858531984343,688.3646527632925,54.36525371058565,17.635338293294403,311.16276965873857
calibrated_seed_21.00,4.2333597602045225,2.177806403326512,2.1886295584320896,False,9.221141115735529,9.039416115672875,70.31674562028311,12.90689179151866,21.0,2.1886295584320896,687.5485345396116,54.345870066940165,18.451469413728553,311.18816931651605
calibrated_seed_21.05,4.279728436766516,2.199117454057561,2.2099198806991263,False,9.33586289851025,9.149459730427932,71.12110375690868,13.026966123050947,21.05,2.2099198806991263,686.7358261406827,54.32656741012477,19.26417148233711,311.21346225523735
calibrated_seed_21.10,4.326034448263482,2.2203706953455025,2.231152648982414,False,9.450987680247206,9.260013430979315,71.92234139585402,13.146466374758578,21.1,2.231152648982414,685.9265157090485,54.30734545851266,20.073477802396994,311.2386495113681
calibrated_seed_21.15,4.3722582533749685,2.241560483954289,2.2523222343177633,False,9.566466901636966,9.371024969845328,72.71995820662458,13.265386901662627,21.15,2.2523222343177633,685.120581384117,54.28820369289241,20.879411456869065,311.263731803297
calibrated_seed_21.20,4.418301384257113,2.262646575303089,2.273388721932139,False,9.68200207355085,9.482197997434051,73.51362636197628,13.383629349033457,21.2,2.273388721932139,684.3180046948119,54.269141674557034,21.68199846761351,311.28870994087697
calibrated_seed_21.25,4.464255131322596,2.283665144881204,2.2943879920491677,False,9.797914665880283,9.593845389857337,74.30583500697732,13.501365148750478,21.25,2.2943879920491677,683.5187478326325,54.25015850551591,22.481245472261183,311.3135841306848
calibrated_seed_21.30,4.510151303776141,2.3046329393325222,2.315336711951503,False,9.914256610113505,9.706012646553162,75.0943725629556,13.618491242110704,21.3,2.315336711951503,682.7228133087108,54.23125424541104,23.277198336920474,311.33835580016677
calibrated_seed_21.35,4.555885499760293,2.325502637524568,2.3361877600203456,False,10.03079363991309,9.81847156933163,75.88071561779401,13.735108729537972,21.35,2.3361877600203456,681.9301446297632,54.21242755246897,24.06984457953021,311.3630245608558
calibrated_seed_21.40,4.601535851947953,2.346310314231543,2.3569770389226044,False,10.147714107449328,9.931399827624563,76.66224573805893,13.850945350481524,21.4,2.3569770389226044,681.1407572569983,54.193678793909385,24.859242038611452,311.3875922128042
calibrated_seed_21.45,4.647029014154045,2.36702436192306,2.377673150485939,False,10.264848018844619,10.044630064113228,77.44138243035682,13.966326956376584,21.45,2.377673150485939,680.3546077003953,54.175006936799605,25.645390262110247,311.41205874194304
calibrated_seed_21.50,4.692427356639509,2.3876726651008764,2.3983038271094483,False,10.382366768332174,10.158325428928185,78.21941106138718,14.081187044018053,21.5,2.3983038271094483,679.5716882768146,54.1564117986573,26.42832361395609,311.4364252177477
calibrated_seed_21.55,4.737655716457988,2.4082226009725494,2.4188365204745614,False,10.500073692951078,10.272293583882835,78.99274388416907,14.195388212290872,21.55,2.4188365204745614,678.7919603900733,54.13789246278361,27.2080457197776,311.46069175305496
calibrated_seed_21.60,4.782748933579384,2.4286893159999163,2.4392863839486822,False,10.61808114933591,10.386640380983968,79.76386136008271,14.309111600158484,21.6,2.4392863839486822,678.0154094006182,54.119448581474046,27.984583387040836,311.4848591821677
calibrated_seed_21.65,4.827637405156401,2.4490441431512213,2.4596248241412964,False,10.736183393935582,10.501162326230324,80.53148312815381,14.42214900468182,21.65,2.4596248241412964,677.2420229945585,54.1010798622612,28.757965355286636,311.5089283995188
calibrated_seed_21.70,4.872486702941624,2.4693572418978262,2.4799216494743717,False,10.854891810441401,10.616357809833207,81.29620482057541,14.53462755499167,21.7,2.4799216494743717,676.471784138539,54.08278590058535,29.528215376265337,311.53290014431093
calibrated_seed_21.75,4.917070548151486,2.489533722478374,2.500082486659339,False,10.973497418606753,10.731528873162137,82.05787309030386,14.64653921844723,21.75,2.500082486659339,675.7046552428081,54.064565803651476,30.29533665118708,311.5567745161722
calibrated_seed_21.80,4.961578756294774,2.5096520629993604,2.5201853452084255,False,11.092652075899938,10.847316410337871,82.81730633161865,14.757933822682329,21.8,2.5201853452084255,674.9406241166831,54.046419281918304,31.05935699995778,311.5805523809147
calibrated_seed_21.85,5.005928552659524,2.529680240934254,2.5401983986256473,False,11.212087441721012,10.963451344972542,83.57437052521921,14.868756123229014,21.85,2.5401983986256473,674.1796911699956,54.028346345119814,31.82031628969382,311.60423497928394
calibrated_seed_21.90,5.050039516925337,2.549581775487361,2.5600853050744314,False,11.331539405739845,11.079673934038048,84.3273978311791,14.97900592708451,21.9,2.5600853050744314,673.4218053684529,54.01034578113928,32.578203486106304,311.6278219678705
calibrated_seed_21.95,5.094059661556803,2.5694235674154693,2.579912699710291,False,11.45146033130183,11.19642401694517,85.07913619180631,15.088751499078883,21.95,2.579912699710291,672.6669585593801,53.99241739634232,33.333049371000385,311.6513143046666
calibrated_seed_22.00,5.137774169836252,2.589113506501298,2.5995888790921824,False,11.571222638584263,11.31308600230886,85.8255723949872,15.19784180277425,22.0,2.5995888790921824,671.9151273887479,53.97456063604676,34.084869455204704,311.6747124724008
